def Goodstein.base : Nat → Nat :=
fun k => @HAdd.hAdd Nat Nat Nat (@instHAdd Nat instAddNat) k (@OfNat.ofNat Nat (nat_lit 2) (instOfNatNat (nat_lit 2)))
@[irreducible] def Goodstein.bump : Nat → Nat → Nat :=
fun b =>
  @WellFounded.Nat.fix Nat (fun n => Nat) (fun x => x) fun n a =>
    @dite Nat (@Eq Nat n (@OfNat.ofNat Nat (nat_lit 0) (instOfNatNat (nat_lit 0))))
      (instDecidableEqNat n (@OfNat.ofNat Nat (nat_lit 0) (instOfNatNat (nat_lit 0))))
      (fun h => @OfNat.ofNat Nat (nat_lit 0) (instOfNatNat (nat_lit 0))) fun h =>
      @HAdd.hAdd Nat Nat Nat (@instHAdd Nat instAddNat)
        (@HMul.hMul Nat Nat Nat (@instHMul Nat instMulNat)
          (@HDiv.hDiv Nat Nat Nat (@instHDiv Nat Nat.instDiv) n
            (@HPow.hPow Nat Nat Nat (@instHPow Nat Nat (@instPowNat Nat instNatPowNat)) b (Nat.log b n)))
          (@HPow.hPow Nat Nat Nat (@instHPow Nat Nat (@instPowNat Nat instNatPowNat))
            (@HAdd.hAdd Nat Nat Nat (@instHAdd Nat instAddNat) b
              (@OfNat.ofNat Nat (nat_lit 1) (instOfNatNat (nat_lit 1))))
            (a (Nat.log b n) ⋯)))
        (a
          (@HMod.hMod Nat Nat Nat (@instHMod Nat Nat.instMod) n
            (@HPow.hPow Nat Nat Nat (@instHPow Nat Nat (@instPowNat Nat instNatPowNat)) b (Nat.log b n)))
          ⋯)
def Goodstein.goodsteinSeq : Nat → Nat → Nat :=
fun m x => @Nat.brecOn (fun x => Nat) x (Goodstein.goodsteinSeq._f m)
def GoodsteinPA.goodsteinSentence : FFL.FirstOrder.ArithmeticSentence :=
@FFL.FirstOrder.UnivQuantifier.all (FFL.FirstOrder.Semiformula FFL.FirstOrder.Language.oRing Empty)
  (@FFL.FirstOrder.Quantifier.toUnivQuantifier (FFL.FirstOrder.Semiformula FFL.FirstOrder.Language.oRing Empty)
    (@FFL.FirstOrder.Semiformula.instQuantifier FFL.FirstOrder.Language.oRing Empty))
  (@OfNat.ofNat Nat (nat_lit 0) (instOfNatNat (nat_lit 0)))
  (@FFL.FirstOrder.ExsQuantifier.exs (FFL.FirstOrder.Semiformula FFL.FirstOrder.Language.oRing Empty)
    (@FFL.FirstOrder.Quantifier.toExsQuantifier (FFL.FirstOrder.Semiformula FFL.FirstOrder.Language.oRing Empty)
      (@FFL.FirstOrder.Semiformula.instQuantifier FFL.FirstOrder.Language.oRing Empty))
    (@HAdd.hAdd Nat Nat Nat (@instHAdd Nat instAddNat) (@OfNat.ofNat Nat (nat_lit 0) (instOfNatNat (nat_lit 0)))
      (@OfNat.ofNat Nat (nat_lit 1) (instOfNatNat (nat_lit 1))))
    (@FFL.FirstOrder.Rewriting.subst FFL.FirstOrder.Language.oRing Empty
      (FFL.FirstOrder.Semiformula FFL.FirstOrder.Language.oRing Empty)
      (Nat.succ (@OfNat.ofNat Nat (nat_lit 0) (instOfNatNat (nat_lit 0)))).succ.succ
      (@HAdd.hAdd Nat Nat Nat (@instHAdd Nat instAddNat)
        (@HAdd.hAdd Nat Nat Nat (@instHAdd Nat instAddNat) (@OfNat.ofNat Nat (nat_lit 0) (instOfNatNat (nat_lit 0)))
          (@OfNat.ofNat Nat (nat_lit 1) (instOfNatNat (nat_lit 1))))
        (@OfNat.ofNat Nat (nat_lit 1) (instOfNatNat (nat_lit 1))))
      (@FFL.FirstOrder.instLCWQOfQuantifierOfLogicalConnectiveOfLogicalNeutral
        (FFL.FirstOrder.Semiformula FFL.FirstOrder.Language.oRing Empty)
        (@FFL.FirstOrder.Semiformula.instQuantifier FFL.FirstOrder.Language.oRing Empty)
        (@FFL.FirstOrder.Semiformula.instLogicalConnective FFL.FirstOrder.Language.oRing Empty)
        (@FFL.FirstOrder.Semiformula.instLogicalNeutral FFL.FirstOrder.Language.oRing Empty))
      (@FFL.FirstOrder.Semiformula.instRewriting FFL.FirstOrder.Language.oRing Empty Empty)
      (@FFL.FirstOrder.Bounding.HierarchySymbol.Semiformula.val FFL.FirstOrder.Language.oRing
        (@FFL.FirstOrder.Bounding.lt FFL.FirstOrder.Language.oRing
          (@FFL.FirstOrder.Language.ORing.toLT FFL.FirstOrder.Language.oRing FFL.FirstOrder.Arithmetic.instORingORing))
        Empty (@OfNat.ofNat Nat (nat_lit 3) (instOfNatNat (nat_lit 3)))
        (@FFL.FirstOrder.Bounding.HierarchySymbol.mk FFL.FirstOrder.Language.oRing
          (@FFL.FirstOrder.Bounding.lt FFL.FirstOrder.Language.oRing
            (@FFL.FirstOrder.Language.ORing.toLT FFL.FirstOrder.Language.oRing
              FFL.FirstOrder.Arithmetic.instORingORing))
          (@FFL.SigmaSymbol.sigma FFL.SigmaPiDelta FFL.SigmaPiDelta.instSigmaSymbol)
          (@OfNat.ofNat Nat (nat_lit 1) (instOfNatNat (nat_lit 1))))
        FFL.FirstOrder.Arithmetic.igoodsteinDef)
      (@Matrix.vecCons
        (FFL.FirstOrder.Semiterm FFL.FirstOrder.Language.oRing Empty
          (@HAdd.hAdd Nat Nat Nat (@instHAdd Nat instAddNat)
            (@HAdd.hAdd Nat Nat Nat (@instHAdd Nat instAddNat) (@OfNat.ofNat Nat (nat_lit 0) (instOfNatNat (nat_lit 0)))
              (@OfNat.ofNat Nat (nat_lit 1) (instOfNatNat (nat_lit 1))))
            (@OfNat.ofNat Nat (nat_lit 1) (instOfNatNat (nat_lit 1)))))
        (Nat.succ (@OfNat.ofNat Nat (nat_lit 0) (instOfNatNat (nat_lit 0)))).succ
        (@FFL.FirstOrder.Semiterm.numeral FFL.FirstOrder.Language.oRing
          (@FFL.FirstOrder.Language.ORing.toZero FFL.FirstOrder.Language.oRing FFL.FirstOrder.Arithmetic.instORingORing)
          (@FFL.FirstOrder.Language.ORing.toOne FFL.FirstOrder.Language.oRing FFL.FirstOrder.Arithmetic.instORingORing)
          (@FFL.FirstOrder.Language.ORing.toAdd FFL.FirstOrder.Language.oRing FFL.FirstOrder.Arithmetic.instORingORing)
          Empty
          (@HAdd.hAdd Nat Nat Nat (@instHAdd Nat instAddNat)
            (@HAdd.hAdd Nat Nat Nat (@instHAdd Nat instAddNat) (@OfNat.ofNat Nat (nat_lit 0) (instOfNatNat (nat_lit 0)))
              (@OfNat.ofNat Nat (nat_lit 1) (instOfNatNat (nat_lit 1))))
            (@OfNat.ofNat Nat (nat_lit 1) (instOfNatNat (nat_lit 1))))
          (@OfNat.ofNat Nat (nat_lit 0) (instOfNatNat (nat_lit 0))))
        (@Matrix.vecCons
          (FFL.FirstOrder.Semiterm FFL.FirstOrder.Language.oRing Empty
            (@HAdd.hAdd Nat Nat Nat (@instHAdd Nat instAddNat)
              (@HAdd.hAdd Nat Nat Nat (@instHAdd Nat instAddNat)
                (@OfNat.ofNat Nat (nat_lit 0) (instOfNatNat (nat_lit 0)))
                (@OfNat.ofNat Nat (nat_lit 1) (instOfNatNat (nat_lit 1))))
              (@OfNat.ofNat Nat (nat_lit 1) (instOfNatNat (nat_lit 1)))))
          (Nat.succ (@OfNat.ofNat Nat (nat_lit 0) (instOfNatNat (nat_lit 0))))
          (@FFL.FirstOrder.Semiterm.bvar FFL.FirstOrder.Language.oRing Empty
            (@HAdd.hAdd Nat Nat Nat (@instHAdd Nat instAddNat)
              (@HAdd.hAdd Nat Nat Nat (@instHAdd Nat instAddNat)
                (@OfNat.ofNat Nat (nat_lit 0) (instOfNatNat (nat_lit 0)))
                (@OfNat.ofNat Nat (nat_lit 1) (instOfNatNat (nat_lit 1))))
              (@OfNat.ofNat Nat (nat_lit 1) (instOfNatNat (nat_lit 1))))
            (@OfNat.ofNat
              (Fin
                (@HAdd.hAdd Nat Nat Nat (@instHAdd Nat instAddNat)
                  (@HAdd.hAdd Nat Nat Nat (@instHAdd Nat instAddNat)
                    (@OfNat.ofNat Nat (nat_lit 0) (instOfNatNat (nat_lit 0)))
                    (@OfNat.ofNat Nat (nat_lit 1) (instOfNatNat (nat_lit 1))))
                  (@OfNat.ofNat Nat (nat_lit 1) (instOfNatNat (nat_lit 1)))))
              (nat_lit 1)
              (@Fin.instOfNat
                (@HAdd.hAdd Nat Nat Nat (@instHAdd Nat instAddNat)
                  (@HAdd.hAdd Nat Nat Nat (@instHAdd Nat instAddNat)
                    (@OfNat.ofNat Nat (nat_lit 0) (instOfNatNat (nat_lit 0)))
                    (@OfNat.ofNat Nat (nat_lit 1) (instOfNatNat (nat_lit 1))))
                  (@OfNat.ofNat Nat (nat_lit 1) (instOfNatNat (nat_lit 1))))
                GoodsteinPA.goodsteinSentence._proof_1 (nat_lit 1))))
          (@Matrix.vecCons
            (FFL.FirstOrder.Semiterm FFL.FirstOrder.Language.oRing Empty
              (@HAdd.hAdd Nat Nat Nat (@instHAdd Nat instAddNat)
                (@HAdd.hAdd Nat Nat Nat (@instHAdd Nat instAddNat)
                  (@OfNat.ofNat Nat (nat_lit 0) (instOfNatNat (nat_lit 0)))
                  (@OfNat.ofNat Nat (nat_lit 1) (instOfNatNat (nat_lit 1))))
                (@OfNat.ofNat Nat (nat_lit 1) (instOfNatNat (nat_lit 1)))))
            (@OfNat.ofNat Nat (nat_lit 0) (instOfNatNat (nat_lit 0)))
            (@FFL.FirstOrder.Semiterm.bvar FFL.FirstOrder.Language.oRing Empty
              (@HAdd.hAdd Nat Nat Nat (@instHAdd Nat instAddNat)
                (@HAdd.hAdd Nat Nat Nat (@instHAdd Nat instAddNat)
                  (@OfNat.ofNat Nat (nat_lit 0) (instOfNatNat (nat_lit 0)))
                  (@OfNat.ofNat Nat (nat_lit 1) (instOfNatNat (nat_lit 1))))
                (@OfNat.ofNat Nat (nat_lit 1) (instOfNatNat (nat_lit 1))))
              (@OfNat.ofNat
                (Fin
                  (@HAdd.hAdd Nat Nat Nat (@instHAdd Nat instAddNat)
                    (@HAdd.hAdd Nat Nat Nat (@instHAdd Nat instAddNat)
                      (@OfNat.ofNat Nat (nat_lit 0) (instOfNatNat (nat_lit 0)))
                      (@OfNat.ofNat Nat (nat_lit 1) (instOfNatNat (nat_lit 1))))
                    (@OfNat.ofNat Nat (nat_lit 1) (instOfNatNat (nat_lit 1)))))
                (nat_lit 0)
                (@Fin.instOfNat
                  (@HAdd.hAdd Nat Nat Nat (@instHAdd Nat instAddNat)
                    (@HAdd.hAdd Nat Nat Nat (@instHAdd Nat instAddNat)
                      (@OfNat.ofNat Nat (nat_lit 0) (instOfNatNat (nat_lit 0)))
                      (@OfNat.ofNat Nat (nat_lit 1) (instOfNatNat (nat_lit 1))))
                    (@OfNat.ofNat Nat (nat_lit 1) (instOfNatNat (nat_lit 1))))
                  GoodsteinPA.goodsteinSentence._proof_1 (nat_lit 0))))
            (@Matrix.vecEmpty
              (FFL.FirstOrder.Semiterm FFL.FirstOrder.Language.oRing Empty
                (@HAdd.hAdd Nat Nat Nat (@instHAdd Nat instAddNat)
                  (@HAdd.hAdd Nat Nat Nat (@instHAdd Nat instAddNat)
                    (@OfNat.ofNat Nat (nat_lit 0) (instOfNatNat (nat_lit 0)))
                    (@OfNat.ofNat Nat (nat_lit 1) (instOfNatNat (nat_lit 1))))
                  (@OfNat.ofNat Nat (nat_lit 1) (instOfNatNat (nat_lit 1)))))))))))
def GoodsteinPA.InternalPow.pow.blueprint : FFL.FirstOrder.Arithmetic.PR.Blueprint
  (@OfNat.ofNat Nat (nat_lit 1) (instOfNatNat (nat_lit 1))) :=
@FFL.FirstOrder.Arithmetic.PR.Blueprint.mk (@OfNat.ofNat Nat (nat_lit 1) (instOfNatNat (nat_lit 1)))
  (@FFL.FirstOrder.Bounding.HierarchySymbol.Semiformula.mkSigma FFL.FirstOrder.Language.oRing
    (@FFL.FirstOrder.Bounding.lt FFL.FirstOrder.Language.oRing
      (@FFL.FirstOrder.Language.ORing.toLT FFL.FirstOrder.Language.oRing FFL.FirstOrder.Arithmetic.instORingORing))
    Empty
    (@HAdd.hAdd Nat Nat Nat (@instHAdd Nat instAddNat) (@OfNat.ofNat Nat (nat_lit 1) (instOfNatNat (nat_lit 1)))
      (@OfNat.ofNat Nat (nat_lit 1) (instOfNatNat (nat_lit 1))))
    (@OfNat.ofNat Nat (nat_lit 1) (instOfNatNat (nat_lit 1)))
    (@FFL.FirstOrder.Semiformula.Operator.operator FFL.FirstOrder.Language.oRing Empty
      (@HAdd.hAdd Nat Nat Nat (@instHAdd Nat instAddNat) (@OfNat.ofNat Nat (nat_lit 1) (instOfNatNat (nat_lit 1)))
        (@OfNat.ofNat Nat (nat_lit 1) (instOfNatNat (nat_lit 1))))
      (@OfNat.ofNat Nat (nat_lit 2) (instOfNatNat (nat_lit 2)))
      (@FFL.FirstOrder.Semiformula.Operator.Eq.eq FFL.FirstOrder.Language.oRing
        (@FFL.FirstOrder.Semiformula.Operator.instEqOfEq FFL.FirstOrder.Language.oRing
          (@FFL.FirstOrder.Language.ORing.toEq FFL.FirstOrder.Language.oRing FFL.FirstOrder.Arithmetic.instORingORing)))
      (@Matrix.vecCons
        (FFL.FirstOrder.Semiterm FFL.FirstOrder.Language.oRing Empty
          (@HAdd.hAdd Nat Nat Nat (@instHAdd Nat instAddNat) (@OfNat.ofNat Nat (nat_lit 1) (instOfNatNat (nat_lit 1)))
            (@OfNat.ofNat Nat (nat_lit 1) (instOfNatNat (nat_lit 1)))))
        (@OfNat.ofNat Nat (nat_lit 1) (instOfNatNat (nat_lit 1)))
        (@FFL.FirstOrder.Semiterm.bvar FFL.FirstOrder.Language.oRing Empty
          (@HAdd.hAdd Nat Nat Nat (@instHAdd Nat instAddNat) (@OfNat.ofNat Nat (nat_lit 1) (instOfNatNat (nat_lit 1)))
            (@OfNat.ofNat Nat (nat_lit 1) (instOfNatNat (nat_lit 1))))
          (@OfNat.ofNat
            (Fin
              (@HAdd.hAdd Nat Nat Nat (@instHAdd Nat instAddNat)
                (@OfNat.ofNat Nat (nat_lit 1) (instOfNatNat (nat_lit 1)))
                (@OfNat.ofNat Nat (nat_lit 1) (instOfNatNat (nat_lit 1)))))
            (nat_lit 0)
            (@Fin.instOfNat
              (@HAdd.hAdd Nat Nat Nat (@instHAdd Nat instAddNat)
                (@OfNat.ofNat Nat (nat_lit 1) (instOfNatNat (nat_lit 1)))
                (@OfNat.ofNat Nat (nat_lit 1) (instOfNatNat (nat_lit 1))))
              GoodsteinPA.InternalPow.pow.blueprint._proof_1 (nat_lit 0))))
        (@Matrix.vecCons
          (FFL.FirstOrder.Semiterm FFL.FirstOrder.Language.oRing Empty
            (@HAdd.hAdd Nat Nat Nat (@instHAdd Nat instAddNat) (@OfNat.ofNat Nat (nat_lit 1) (instOfNatNat (nat_lit 1)))
              (@OfNat.ofNat Nat (nat_lit 1) (instOfNatNat (nat_lit 1)))))
          (@OfNat.ofNat Nat (nat_lit 0) (instOfNatNat (nat_lit 0)))
          (@FFL.FirstOrder.Semiterm.numeral FFL.FirstOrder.Language.oRing
            (@FFL.FirstOrder.Language.ORing.toZero FFL.FirstOrder.Language.oRing
              FFL.FirstOrder.Arithmetic.instORingORing)
            (@FFL.FirstOrder.Language.ORing.toOne FFL.FirstOrder.Language.oRing
              FFL.FirstOrder.Arithmetic.instORingORing)
            (@FFL.FirstOrder.Language.ORing.toAdd FFL.FirstOrder.Language.oRing
              FFL.FirstOrder.Arithmetic.instORingORing)
            Empty
            (@HAdd.hAdd Nat Nat Nat (@instHAdd Nat instAddNat) (@OfNat.ofNat Nat (nat_lit 1) (instOfNatNat (nat_lit 1)))
              (@OfNat.ofNat Nat (nat_lit 1) (instOfNatNat (nat_lit 1))))
            (@OfNat.ofNat Nat (nat_lit 1) (instOfNatNat (nat_lit 1))))
          (@Matrix.vecEmpty
            (FFL.FirstOrder.Semiterm FFL.FirstOrder.Language.oRing Empty
              (@HAdd.hAdd Nat Nat Nat (@instHAdd Nat instAddNat)
                (@OfNat.ofNat Nat (nat_lit 1) (instOfNatNat (nat_lit 1)))
                (@OfNat.ofNat Nat (nat_lit 1) (instOfNatNat (nat_lit 1)))))))))
    GoodsteinPA.InternalPow.pow.blueprint._proof_2)
  (@FFL.FirstOrder.Bounding.HierarchySymbol.Semiformula.mkSigma FFL.FirstOrder.Language.oRing
    (@FFL.FirstOrder.Bounding.lt FFL.FirstOrder.Language.oRing
      (@FFL.FirstOrder.Language.ORing.toLT FFL.FirstOrder.Language.oRing FFL.FirstOrder.Arithmetic.instORingORing))
    Empty
    (@HAdd.hAdd Nat Nat Nat (@instHAdd Nat instAddNat) (@OfNat.ofNat Nat (nat_lit 1) (instOfNatNat (nat_lit 1)))
      (@OfNat.ofNat Nat (nat_lit 3) (instOfNatNat (nat_lit 3))))
    (@OfNat.ofNat Nat (nat_lit 1) (instOfNatNat (nat_lit 1)))
    (@FFL.FirstOrder.Semiformula.Operator.operator FFL.FirstOrder.Language.oRing Empty
      (@HAdd.hAdd Nat Nat Nat (@instHAdd Nat instAddNat) (@OfNat.ofNat Nat (nat_lit 1) (instOfNatNat (nat_lit 1)))
        (@OfNat.ofNat Nat (nat_lit 3) (instOfNatNat (nat_lit 3))))
      (@OfNat.ofNat Nat (nat_lit 2) (instOfNatNat (nat_lit 2)))
      (@FFL.FirstOrder.Semiformula.Operator.Eq.eq FFL.FirstOrder.Language.oRing
        (@FFL.FirstOrder.Semiformula.Operator.instEqOfEq FFL.FirstOrder.Language.oRing
          (@FFL.FirstOrder.Language.ORing.toEq FFL.FirstOrder.Language.oRing FFL.FirstOrder.Arithmetic.instORingORing)))
      (@Matrix.vecCons
        (FFL.FirstOrder.Semiterm FFL.FirstOrder.Language.oRing Empty
          (@HAdd.hAdd Nat Nat Nat (@instHAdd Nat instAddNat) (@OfNat.ofNat Nat (nat_lit 1) (instOfNatNat (nat_lit 1)))
            (@OfNat.ofNat Nat (nat_lit 3) (instOfNatNat (nat_lit 3)))))
        (@OfNat.ofNat Nat (nat_lit 1) (instOfNatNat (nat_lit 1)))
        (@FFL.FirstOrder.Semiterm.bvar FFL.FirstOrder.Language.oRing Empty
          (@HAdd.hAdd Nat Nat Nat (@instHAdd Nat instAddNat) (@OfNat.ofNat Nat (nat_lit 1) (instOfNatNat (nat_lit 1)))
            (@OfNat.ofNat Nat (nat_lit 3) (instOfNatNat (nat_lit 3))))
          (@OfNat.ofNat
            (Fin
              (@HAdd.hAdd Nat Nat Nat (@instHAdd Nat instAddNat)
                (@OfNat.ofNat Nat (nat_lit 1) (instOfNatNat (nat_lit 1)))
                (@OfNat.ofNat Nat (nat_lit 3) (instOfNatNat (nat_lit 3)))))
            (nat_lit 0)
            (@Fin.instOfNat
              (@HAdd.hAdd Nat Nat Nat (@instHAdd Nat instAddNat)
                (@OfNat.ofNat Nat (nat_lit 1) (instOfNatNat (nat_lit 1)))
                (@OfNat.ofNat Nat (nat_lit 3) (instOfNatNat (nat_lit 3))))
              GoodsteinPA.InternalPow.pow.blueprint._proof_3 (nat_lit 0))))
        (@Matrix.vecCons
          (FFL.FirstOrder.Semiterm FFL.FirstOrder.Language.oRing Empty
            (@HAdd.hAdd Nat Nat Nat (@instHAdd Nat instAddNat) (@OfNat.ofNat Nat (nat_lit 1) (instOfNatNat (nat_lit 1)))
              (@OfNat.ofNat Nat (nat_lit 3) (instOfNatNat (nat_lit 3)))))
          (@OfNat.ofNat Nat (nat_lit 0) (instOfNatNat (nat_lit 0)))
          (@FFL.FirstOrder.Semiterm.Operator.operator FFL.FirstOrder.Language.oRing Empty
            (@HAdd.hAdd Nat Nat Nat (@instHAdd Nat instAddNat) (@OfNat.ofNat Nat (nat_lit 1) (instOfNatNat (nat_lit 1)))
              (@OfNat.ofNat Nat (nat_lit 3) (instOfNatNat (nat_lit 3))))
            (@OfNat.ofNat Nat (nat_lit 2) (instOfNatNat (nat_lit 2)))
            (@FFL.FirstOrder.Semiterm.Operator.Mul.mul FFL.FirstOrder.Language.oRing
              (@FFL.FirstOrder.Semiterm.Operator.instMulOfMul FFL.FirstOrder.Language.oRing
                (@FFL.FirstOrder.Language.ORing.toMul FFL.FirstOrder.Language.oRing
                  FFL.FirstOrder.Arithmetic.instORingORing)))
            (@Matrix.vecCons
              (FFL.FirstOrder.Semiterm FFL.FirstOrder.Language.oRing Empty
                (@HAdd.hAdd Nat Nat Nat (@instHAdd Nat instAddNat)
                  (@OfNat.ofNat Nat (nat_lit 1) (instOfNatNat (nat_lit 1)))
                  (@OfNat.ofNat Nat (nat_lit 3) (instOfNatNat (nat_lit 3)))))
              (@OfNat.ofNat Nat (nat_lit 1) (instOfNatNat (nat_lit 1)))
              (@FFL.FirstOrder.Semiterm.bvar FFL.FirstOrder.Language.oRing Empty
                (@HAdd.hAdd Nat Nat Nat (@instHAdd Nat instAddNat)
                  (@OfNat.ofNat Nat (nat_lit 1) (instOfNatNat (nat_lit 1)))
                  (@OfNat.ofNat Nat (nat_lit 3) (instOfNatNat (nat_lit 3))))
                (@OfNat.ofNat
                  (Fin
                    (@HAdd.hAdd Nat Nat Nat (@instHAdd Nat instAddNat)
                      (@OfNat.ofNat Nat (nat_lit 1) (instOfNatNat (nat_lit 1)))
                      (@OfNat.ofNat Nat (nat_lit 3) (instOfNatNat (nat_lit 3)))))
                  (nat_lit 1)
                  (@Fin.instOfNat
                    (@HAdd.hAdd Nat Nat Nat (@instHAdd Nat instAddNat)
                      (@OfNat.ofNat Nat (nat_lit 1) (instOfNatNat (nat_lit 1)))
                      (@OfNat.ofNat Nat (nat_lit 3) (instOfNatNat (nat_lit 3))))
                    GoodsteinPA.InternalPow.pow.blueprint._proof_3 (nat_lit 1))))
              (@Matrix.vecCons
                (FFL.FirstOrder.Semiterm FFL.FirstOrder.Language.oRing Empty
                  (@HAdd.hAdd Nat Nat Nat (@instHAdd Nat instAddNat)
                    (@OfNat.ofNat Nat (nat_lit 1) (instOfNatNat (nat_lit 1)))
                    (@OfNat.ofNat Nat (nat_lit 3) (instOfNatNat (nat_lit 3)))))
                (@OfNat.ofNat Nat (nat_lit 0) (instOfNatNat (nat_lit 0)))
                (@FFL.FirstOrder.Semiterm.bvar FFL.FirstOrder.Language.oRing Empty
                  (@HAdd.hAdd Nat Nat Nat (@instHAdd Nat instAddNat)
                    (@OfNat.ofNat Nat (nat_lit 1) (instOfNatNat (nat_lit 1)))
                    (@OfNat.ofNat Nat (nat_lit 3) (instOfNatNat (nat_lit 3))))
                  (@OfNat.ofNat
                    (Fin
                      (@HAdd.hAdd Nat Nat Nat (@instHAdd Nat instAddNat)
                        (@OfNat.ofNat Nat (nat_lit 1) (instOfNatNat (nat_lit 1)))
                        (@OfNat.ofNat Nat (nat_lit 3) (instOfNatNat (nat_lit 3)))))
                    (nat_lit 3)
                    (@Fin.instOfNat
                      (@HAdd.hAdd Nat Nat Nat (@instHAdd Nat instAddNat)
                        (@OfNat.ofNat Nat (nat_lit 1) (instOfNatNat (nat_lit 1)))
                        (@OfNat.ofNat Nat (nat_lit 3) (instOfNatNat (nat_lit 3))))
                      GoodsteinPA.InternalPow.pow.blueprint._proof_3 (nat_lit 3))))
                (@Matrix.vecEmpty
                  (FFL.FirstOrder.Semiterm FFL.FirstOrder.Language.oRing Empty
                    (@HAdd.hAdd Nat Nat Nat (@instHAdd Nat instAddNat)
                      (@OfNat.ofNat Nat (nat_lit 1) (instOfNatNat (nat_lit 1)))
                      (@OfNat.ofNat Nat (nat_lit 3) (instOfNatNat (nat_lit 3)))))))))
          (@Matrix.vecEmpty
            (FFL.FirstOrder.Semiterm FFL.FirstOrder.Language.oRing Empty
              (@HAdd.hAdd Nat Nat Nat (@instHAdd Nat instAddNat)
                (@OfNat.ofNat Nat (nat_lit 1) (instOfNatNat (nat_lit 1)))
                (@OfNat.ofNat Nat (nat_lit 3) (instOfNatNat (nat_lit 3)))))))))
    GoodsteinPA.InternalPow.pow.blueprint._proof_4)
def FFL.FirstOrder.Arithmetic.ipowDef : @FFL.FirstOrder.Bounding.HierarchySymbol.Semisentence
  FFL.FirstOrder.Language.oRing
  (@FFL.FirstOrder.Bounding.lt FFL.FirstOrder.Language.oRing
    (@FFL.FirstOrder.Language.ORing.toLT FFL.FirstOrder.Language.oRing FFL.FirstOrder.Arithmetic.instORingORing))
  (@FFL.FirstOrder.Bounding.HierarchySymbol.mk FFL.FirstOrder.Language.oRing
    (@FFL.FirstOrder.Bounding.lt FFL.FirstOrder.Language.oRing
      (@FFL.FirstOrder.Language.ORing.toLT FFL.FirstOrder.Language.oRing FFL.FirstOrder.Arithmetic.instORingORing))
    (@FFL.SigmaSymbol.sigma FFL.SigmaPiDelta FFL.SigmaPiDelta.instSigmaSymbol)
    (@OfNat.ofNat Nat (nat_lit 1) (instOfNatNat (nat_lit 1))))
  (@OfNat.ofNat Nat (nat_lit 3) (instOfNatNat (nat_lit 3))) :=
@FFL.FirstOrder.Bounding.HierarchySymbol.Semiformula.rew FFL.FirstOrder.Language.oRing
  (@FFL.FirstOrder.Bounding.lt FFL.FirstOrder.Language.oRing
    (@FFL.FirstOrder.Language.ORing.toLT FFL.FirstOrder.Language.oRing FFL.FirstOrder.Arithmetic.instORingORing))
  (Nat.succ (@OfNat.ofNat Nat (nat_lit 0) (instOfNatNat (nat_lit 0)))).succ.succ
  (@OfNat.ofNat Nat (nat_lit 3) (instOfNatNat (nat_lit 3))) Empty Empty
  (@FFL.FirstOrder.Rew.subst FFL.FirstOrder.Language.oRing Empty
    (Nat.succ (@OfNat.ofNat Nat (nat_lit 0) (instOfNatNat (nat_lit 0)))).succ.succ
    (@OfNat.ofNat Nat (nat_lit 3) (instOfNatNat (nat_lit 3)))
    (@Matrix.vecCons
      (FFL.FirstOrder.Semiterm FFL.FirstOrder.Language.oRing Empty
        (@OfNat.ofNat Nat (nat_lit 3) (instOfNatNat (nat_lit 3))))
      (Nat.succ (@OfNat.ofNat Nat (nat_lit 0) (instOfNatNat (nat_lit 0)))).succ
      (@FFL.FirstOrder.Semiterm.bvar FFL.FirstOrder.Language.oRing Empty
        (@OfNat.ofNat Nat (nat_lit 3) (instOfNatNat (nat_lit 3)))
        (@OfNat.ofNat (Fin (@OfNat.ofNat Nat (nat_lit 3) (instOfNatNat (nat_lit 3)))) (nat_lit 0)
          (@Fin.instOfNat (@OfNat.ofNat Nat (nat_lit 3) (instOfNatNat (nat_lit 3)))
            FFL.FirstOrder.Arithmetic.ipowDef._proof_1 (nat_lit 0))))
      (@Matrix.vecCons
        (FFL.FirstOrder.Semiterm FFL.FirstOrder.Language.oRing Empty
          (@OfNat.ofNat Nat (nat_lit 3) (instOfNatNat (nat_lit 3))))
        (Nat.succ (@OfNat.ofNat Nat (nat_lit 0) (instOfNatNat (nat_lit 0))))
        (@FFL.FirstOrder.Semiterm.bvar FFL.FirstOrder.Language.oRing Empty
          (@OfNat.ofNat Nat (nat_lit 3) (instOfNatNat (nat_lit 3)))
          (@OfNat.ofNat (Fin (@OfNat.ofNat Nat (nat_lit 3) (instOfNatNat (nat_lit 3)))) (nat_lit 2)
            (@Fin.instOfNat (@OfNat.ofNat Nat (nat_lit 3) (instOfNatNat (nat_lit 3)))
              FFL.FirstOrder.Arithmetic.ipowDef._proof_1 (nat_lit 2))))
        (@Matrix.vecCons
          (FFL.FirstOrder.Semiterm FFL.FirstOrder.Language.oRing Empty
            (@OfNat.ofNat Nat (nat_lit 3) (instOfNatNat (nat_lit 3))))
          (@OfNat.ofNat Nat (nat_lit 0) (instOfNatNat (nat_lit 0)))
          (@FFL.FirstOrder.Semiterm.bvar FFL.FirstOrder.Language.oRing Empty
            (@OfNat.ofNat Nat (nat_lit 3) (instOfNatNat (nat_lit 3)))
            (@OfNat.ofNat (Fin (@OfNat.ofNat Nat (nat_lit 3) (instOfNatNat (nat_lit 3)))) (nat_lit 1)
              (@Fin.instOfNat (@OfNat.ofNat Nat (nat_lit 3) (instOfNatNat (nat_lit 3)))
                FFL.FirstOrder.Arithmetic.ipowDef._proof_1 (nat_lit 1))))
          (@Matrix.vecEmpty
            (FFL.FirstOrder.Semiterm FFL.FirstOrder.Language.oRing Empty
              (@OfNat.ofNat Nat (nat_lit 3) (instOfNatNat (nat_lit 3)))))))))
  (@FFL.FirstOrder.Bounding.HierarchySymbol.mk FFL.FirstOrder.Language.oRing
    (@FFL.FirstOrder.Bounding.lt FFL.FirstOrder.Language.oRing
      (@FFL.FirstOrder.Language.ORing.toLT FFL.FirstOrder.Language.oRing FFL.FirstOrder.Arithmetic.instORingORing))
    (@FFL.SigmaSymbol.sigma FFL.SigmaPiDelta FFL.SigmaPiDelta.instSigmaSymbol)
    (@OfNat.ofNat Nat (nat_lit 1) (instOfNatNat (nat_lit 1))))
  (@FFL.FirstOrder.Arithmetic.PR.Blueprint.resultDef (@OfNat.ofNat Nat (nat_lit 1) (instOfNatNat (nat_lit 1)))
    GoodsteinPA.InternalPow.pow.blueprint)
def FFL.FirstOrder.Arithmetic.ilogDef : @FFL.FirstOrder.Bounding.HierarchySymbol.Semisentence
  FFL.FirstOrder.Language.oRing
  (@FFL.FirstOrder.Bounding.lt FFL.FirstOrder.Language.oRing
    (@FFL.FirstOrder.Language.ORing.toLT FFL.FirstOrder.Language.oRing FFL.FirstOrder.Arithmetic.instORingORing))
  (@FFL.FirstOrder.Bounding.HierarchySymbol.mk FFL.FirstOrder.Language.oRing
    (@FFL.FirstOrder.Bounding.lt FFL.FirstOrder.Language.oRing
      (@FFL.FirstOrder.Language.ORing.toLT FFL.FirstOrder.Language.oRing FFL.FirstOrder.Arithmetic.instORingORing))
    (@FFL.SigmaSymbol.sigma FFL.SigmaPiDelta FFL.SigmaPiDelta.instSigmaSymbol)
    (@OfNat.ofNat Nat (nat_lit 1) (instOfNatNat (nat_lit 1))))
  (@OfNat.ofNat Nat (nat_lit 3) (instOfNatNat (nat_lit 3))) :=
@FFL.FirstOrder.Bounding.HierarchySymbol.Semiformula.mkSigma FFL.FirstOrder.Language.oRing
  (@FFL.FirstOrder.Bounding.lt FFL.FirstOrder.Language.oRing
    (@FFL.FirstOrder.Language.ORing.toLT FFL.FirstOrder.Language.oRing FFL.FirstOrder.Arithmetic.instORingORing))
  Empty (@OfNat.ofNat Nat (nat_lit 3) (instOfNatNat (nat_lit 3)))
  (@OfNat.ofNat Nat (nat_lit 1) (instOfNatNat (nat_lit 1)))
  (@FFL.HWedge.hWedge
    (FFL.FirstOrder.Semiformula FFL.FirstOrder.Language.oRing Empty
      (@OfNat.ofNat Nat (nat_lit 3) (instOfNatNat (nat_lit 3))))
    (FFL.FirstOrder.Semiformula FFL.FirstOrder.Language.oRing Empty
      (@OfNat.ofNat Nat (nat_lit 3) (instOfNatNat (nat_lit 3))))
    (FFL.FirstOrder.Semiformula FFL.FirstOrder.Language.oRing Empty
      (@OfNat.ofNat Nat (nat_lit 3) (instOfNatNat (nat_lit 3))))
    (@FFL.Wedge.instHWedge
      (FFL.FirstOrder.Semiformula FFL.FirstOrder.Language.oRing Empty
        (@OfNat.ofNat Nat (nat_lit 3) (instOfNatNat (nat_lit 3))))
      (@FFL.LogicalConnective.toWedge
        (FFL.FirstOrder.Semiformula FFL.FirstOrder.Language.oRing Empty
          (@OfNat.ofNat Nat (nat_lit 3) (instOfNatNat (nat_lit 3))))
        (@FFL.FirstOrder.Semiformula.instLogicalConnective FFL.FirstOrder.Language.oRing Empty
          (@OfNat.ofNat Nat (nat_lit 3) (instOfNatNat (nat_lit 3))))))
    (@FFL.HArrow.hArrow
      (FFL.FirstOrder.Semiformula FFL.FirstOrder.Language.oRing Empty
        (@OfNat.ofNat Nat (nat_lit 3) (instOfNatNat (nat_lit 3))))
      (FFL.FirstOrder.Semiformula FFL.FirstOrder.Language.oRing Empty
        (@OfNat.ofNat Nat (nat_lit 3) (instOfNatNat (nat_lit 3))))
      (FFL.FirstOrder.Semiformula FFL.FirstOrder.Language.oRing Empty
        (@OfNat.ofNat Nat (nat_lit 3) (instOfNatNat (nat_lit 3))))
      (@FFL.Arrow.instHArrow
        (FFL.FirstOrder.Semiformula FFL.FirstOrder.Language.oRing Empty
          (@OfNat.ofNat Nat (nat_lit 3) (instOfNatNat (nat_lit 3))))
        (@FFL.LogicalConnective.toArrow
          (FFL.FirstOrder.Semiformula FFL.FirstOrder.Language.oRing Empty
            (@OfNat.ofNat Nat (nat_lit 3) (instOfNatNat (nat_lit 3))))
          (@FFL.FirstOrder.Semiformula.instLogicalConnective FFL.FirstOrder.Language.oRing Empty
            (@OfNat.ofNat Nat (nat_lit 3) (instOfNatNat (nat_lit 3))))))
      (@FFL.HWedge.hWedge
        (FFL.FirstOrder.Semiformula FFL.FirstOrder.Language.oRing Empty
          (@OfNat.ofNat Nat (nat_lit 3) (instOfNatNat (nat_lit 3))))
        (FFL.FirstOrder.Semiformula FFL.FirstOrder.Language.oRing Empty
          (@OfNat.ofNat Nat (nat_lit 3) (instOfNatNat (nat_lit 3))))
        (FFL.FirstOrder.Semiformula FFL.FirstOrder.Language.oRing Empty
          (@OfNat.ofNat Nat (nat_lit 3) (instOfNatNat (nat_lit 3))))
        (@FFL.Wedge.instHWedge
          (FFL.FirstOrder.Semiformula FFL.FirstOrder.Language.oRing Empty
            (@OfNat.ofNat Nat (nat_lit 3) (instOfNatNat (nat_lit 3))))
          (@FFL.LogicalConnective.toWedge
            (FFL.FirstOrder.Semiformula FFL.FirstOrder.Language.oRing Empty
              (@OfNat.ofNat Nat (nat_lit 3) (instOfNatNat (nat_lit 3))))
            (@FFL.FirstOrder.Semiformula.instLogicalConnective FFL.FirstOrder.Language.oRing Empty
              (@OfNat.ofNat Nat (nat_lit 3) (instOfNatNat (nat_lit 3))))))
        (@FFL.FirstOrder.Semiformula.Operator.operator FFL.FirstOrder.Language.oRing Empty
          (@OfNat.ofNat Nat (nat_lit 3) (instOfNatNat (nat_lit 3)))
          (@OfNat.ofNat Nat (nat_lit 2) (instOfNatNat (nat_lit 2)))
          (@FFL.FirstOrder.Semiformula.Operator.LE.le FFL.FirstOrder.Language.oRing
            (@FFL.FirstOrder.Semiformula.Operator.instLEOfEqOfLT FFL.FirstOrder.Language.oRing
              (@FFL.FirstOrder.Semiformula.Operator.instEqOfEq FFL.FirstOrder.Language.oRing
                (@FFL.FirstOrder.Language.ORing.toEq FFL.FirstOrder.Language.oRing
                  FFL.FirstOrder.Arithmetic.instORingORing))
              (@FFL.FirstOrder.Semiformula.Operator.instLTOfLT FFL.FirstOrder.Language.oRing
                (@FFL.FirstOrder.Language.ORing.toLT FFL.FirstOrder.Language.oRing
                  FFL.FirstOrder.Arithmetic.instORingORing))))
          (@Matrix.vecCons
            (FFL.FirstOrder.Semiterm FFL.FirstOrder.Language.oRing Empty
              (@OfNat.ofNat Nat (nat_lit 3) (instOfNatNat (nat_lit 3))))
            (@OfNat.ofNat Nat (nat_lit 1) (instOfNatNat (nat_lit 1)))
            (@FFL.FirstOrder.Semiterm.numeral FFL.FirstOrder.Language.oRing
              (@FFL.FirstOrder.Language.ORing.toZero FFL.FirstOrder.Language.oRing
                FFL.FirstOrder.Arithmetic.instORingORing)
              (@FFL.FirstOrder.Language.ORing.toOne FFL.FirstOrder.Language.oRing
                FFL.FirstOrder.Arithmetic.instORingORing)
              (@FFL.FirstOrder.Language.ORing.toAdd FFL.FirstOrder.Language.oRing
                FFL.FirstOrder.Arithmetic.instORingORing)
              Empty (@OfNat.ofNat Nat (nat_lit 3) (instOfNatNat (nat_lit 3)))
              (@OfNat.ofNat Nat (nat_lit 2) (instOfNatNat (nat_lit 2))))
            (@Matrix.vecCons
              (FFL.FirstOrder.Semiterm FFL.FirstOrder.Language.oRing Empty
                (@OfNat.ofNat Nat (nat_lit 3) (instOfNatNat (nat_lit 3))))
              (@OfNat.ofNat Nat (nat_lit 0) (instOfNatNat (nat_lit 0)))
              (@FFL.FirstOrder.Semiterm.bvar FFL.FirstOrder.Language.oRing Empty
                (@OfNat.ofNat Nat (nat_lit 3) (instOfNatNat (nat_lit 3)))
                (@OfNat.ofNat (Fin (@OfNat.ofNat Nat (nat_lit 3) (instOfNatNat (nat_lit 3)))) (nat_lit 1)
                  (@Fin.instOfNat (@OfNat.ofNat Nat (nat_lit 3) (instOfNatNat (nat_lit 3)))
                    FFL.FirstOrder.Arithmetic.ilogDef._proof_1 (nat_lit 1))))
              (@Matrix.vecEmpty
                (FFL.FirstOrder.Semiterm FFL.FirstOrder.Language.oRing Empty
                  (@OfNat.ofNat Nat (nat_lit 3) (instOfNatNat (nat_lit 3))))))))
        (@FFL.FirstOrder.Semiformula.Operator.operator FFL.FirstOrder.Language.oRing Empty
          (@OfNat.ofNat Nat (nat_lit 3) (instOfNatNat (nat_lit 3)))
          (@OfNat.ofNat Nat (nat_lit 2) (instOfNatNat (nat_lit 2)))
          (@FFL.FirstOrder.Semiformula.Operator.LT.lt FFL.FirstOrder.Language.oRing
            (@FFL.FirstOrder.Semiformula.Operator.instLTOfLT FFL.FirstOrder.Language.oRing
              (@FFL.FirstOrder.Language.ORing.toLT FFL.FirstOrder.Language.oRing
                FFL.FirstOrder.Arithmetic.instORingORing)))
          (@Matrix.vecCons
            (FFL.FirstOrder.Semiterm FFL.FirstOrder.Language.oRing Empty
              (@OfNat.ofNat Nat (nat_lit 3) (instOfNatNat (nat_lit 3))))
            (@OfNat.ofNat Nat (nat_lit 1) (instOfNatNat (nat_lit 1)))
            (@FFL.FirstOrder.Semiterm.numeral FFL.FirstOrder.Language.oRing
              (@FFL.FirstOrder.Language.ORing.toZero FFL.FirstOrder.Language.oRing
                FFL.FirstOrder.Arithmetic.instORingORing)
              (@FFL.FirstOrder.Language.ORing.toOne FFL.FirstOrder.Language.oRing
                FFL.FirstOrder.Arithmetic.instORingORing)
              (@FFL.FirstOrder.Language.ORing.toAdd FFL.FirstOrder.Language.oRing
                FFL.FirstOrder.Arithmetic.instORingORing)
              Empty (@OfNat.ofNat Nat (nat_lit 3) (instOfNatNat (nat_lit 3)))
              (@OfNat.ofNat Nat (nat_lit 0) (instOfNatNat (nat_lit 0))))
            (@Matrix.vecCons
              (FFL.FirstOrder.Semiterm FFL.FirstOrder.Language.oRing Empty
                (@OfNat.ofNat Nat (nat_lit 3) (instOfNatNat (nat_lit 3))))
              (@OfNat.ofNat Nat (nat_lit 0) (instOfNatNat (nat_lit 0)))
              (@FFL.FirstOrder.Semiterm.bvar FFL.FirstOrder.Language.oRing Empty
                (@OfNat.ofNat Nat (nat_lit 3) (instOfNatNat (nat_lit 3)))
                (@OfNat.ofNat (Fin (@OfNat.ofNat Nat (nat_lit 3) (instOfNatNat (nat_lit 3)))) (nat_lit 2)
                  (@Fin.instOfNat (@OfNat.ofNat Nat (nat_lit 3) (instOfNatNat (nat_lit 3)))
                    FFL.FirstOrder.Arithmetic.ilogDef._proof_1 (nat_lit 2))))
              (@Matrix.vecEmpty
                (FFL.FirstOrder.Semiterm FFL.FirstOrder.Language.oRing Empty
                  (@OfNat.ofNat Nat (nat_lit 3) (instOfNatNat (nat_lit 3)))))))))
      (@FFL.HWedge.hWedge
        (FFL.FirstOrder.Semiformula FFL.FirstOrder.Language.oRing Empty
          (@OfNat.ofNat Nat (nat_lit 3) (instOfNatNat (nat_lit 3))))
        (FFL.FirstOrder.Semiformula FFL.FirstOrder.Language.oRing Empty
          (@OfNat.ofNat Nat (nat_lit 3) (instOfNatNat (nat_lit 3))))
        (FFL.FirstOrder.Semiformula FFL.FirstOrder.Language.oRing Empty
          (@OfNat.ofNat Nat (nat_lit 3) (instOfNatNat (nat_lit 3))))
        (@FFL.Wedge.instHWedge
          (FFL.FirstOrder.Semiformula FFL.FirstOrder.Language.oRing Empty
            (@OfNat.ofNat Nat (nat_lit 3) (instOfNatNat (nat_lit 3))))
          (@FFL.LogicalConnective.toWedge
            (FFL.FirstOrder.Semiformula FFL.FirstOrder.Language.oRing Empty
              (@OfNat.ofNat Nat (nat_lit 3) (instOfNatNat (nat_lit 3))))
            (@FFL.FirstOrder.Semiformula.instLogicalConnective FFL.FirstOrder.Language.oRing Empty
              (@OfNat.ofNat Nat (nat_lit 3) (instOfNatNat (nat_lit 3))))))
        (@FFL.FirstOrder.ExsQuantifier.exs (FFL.FirstOrder.Semiformula FFL.FirstOrder.Language.oRing Empty)
          (@FFL.FirstOrder.Quantifier.toExsQuantifier (FFL.FirstOrder.Semiformula FFL.FirstOrder.Language.oRing Empty)
            (@FFL.FirstOrder.Semiformula.instQuantifier FFL.FirstOrder.Language.oRing Empty))
          (@OfNat.ofNat Nat (nat_lit 3) (instOfNatNat (nat_lit 3)))
          (@FFL.HWedge.hWedge
            (FFL.FirstOrder.Semiformula FFL.FirstOrder.Language.oRing Empty
              (@HAdd.hAdd Nat Nat Nat (@instHAdd Nat instAddNat)
                (@OfNat.ofNat Nat (nat_lit 3) (instOfNatNat (nat_lit 3)))
                (@OfNat.ofNat Nat (nat_lit 1) (instOfNatNat (nat_lit 1)))))
            (FFL.FirstOrder.Semiformula FFL.FirstOrder.Language.oRing Empty
              (@HAdd.hAdd Nat Nat Nat (@instHAdd Nat instAddNat)
                (@OfNat.ofNat Nat (nat_lit 3) (instOfNatNat (nat_lit 3)))
                (@OfNat.ofNat Nat (nat_lit 1) (instOfNatNat (nat_lit 1)))))
            (FFL.FirstOrder.Semiformula FFL.FirstOrder.Language.oRing Empty
              (@HAdd.hAdd Nat Nat Nat (@instHAdd Nat instAddNat)
                (@OfNat.ofNat Nat (nat_lit 3) (instOfNatNat (nat_lit 3)))
                (@OfNat.ofNat Nat (nat_lit 1) (instOfNatNat (nat_lit 1)))))
            (@FFL.Wedge.instHWedge
              (FFL.FirstOrder.Semiformula FFL.FirstOrder.Language.oRing Empty
                (@HAdd.hAdd Nat Nat Nat (@instHAdd Nat instAddNat)
                  (@OfNat.ofNat Nat (nat_lit 3) (instOfNatNat (nat_lit 3)))
                  (@OfNat.ofNat Nat (nat_lit 1) (instOfNatNat (nat_lit 1)))))
              (@FFL.LogicalConnective.toWedge
                (FFL.FirstOrder.Semiformula FFL.FirstOrder.Language.oRing Empty
                  (@HAdd.hAdd Nat Nat Nat (@instHAdd Nat instAddNat)
                    (@OfNat.ofNat Nat (nat_lit 3) (instOfNatNat (nat_lit 3)))
                    (@OfNat.ofNat Nat (nat_lit 1) (instOfNatNat (nat_lit 1)))))
                (@FFL.FirstOrder.Semiformula.instLogicalConnective FFL.FirstOrder.Language.oRing Empty
                  (@HAdd.hAdd Nat Nat Nat (@instHAdd Nat instAddNat)
                    (@OfNat.ofNat Nat (nat_lit 3) (instOfNatNat (nat_lit 3)))
                    (@OfNat.ofNat Nat (nat_lit 1) (instOfNatNat (nat_lit 1)))))))
            (@FFL.FirstOrder.Rewriting.subst FFL.FirstOrder.Language.oRing Empty
              (FFL.FirstOrder.Semiformula FFL.FirstOrder.Language.oRing Empty)
              (Nat.succ (@OfNat.ofNat Nat (nat_lit 0) (instOfNatNat (nat_lit 0)))).succ.succ
              (@HAdd.hAdd Nat Nat Nat (@instHAdd Nat instAddNat)
                (@OfNat.ofNat Nat (nat_lit 3) (instOfNatNat (nat_lit 3)))
                (@OfNat.ofNat Nat (nat_lit 1) (instOfNatNat (nat_lit 1))))
              (@FFL.FirstOrder.instLCWQOfQuantifierOfLogicalConnectiveOfLogicalNeutral
                (FFL.FirstOrder.Semiformula FFL.FirstOrder.Language.oRing Empty)
                (@FFL.FirstOrder.Semiformula.instQuantifier FFL.FirstOrder.Language.oRing Empty)
                (@FFL.FirstOrder.Semiformula.instLogicalConnective FFL.FirstOrder.Language.oRing Empty)
                (@FFL.FirstOrder.Semiformula.instLogicalNeutral FFL.FirstOrder.Language.oRing Empty))
              (@FFL.FirstOrder.Semiformula.instRewriting FFL.FirstOrder.Language.oRing Empty Empty)
              (@FFL.FirstOrder.Bounding.HierarchySymbol.Semiformula.val FFL.FirstOrder.Language.oRing
                (@FFL.FirstOrder.Bounding.lt FFL.FirstOrder.Language.oRing
                  (@FFL.FirstOrder.Language.ORing.toLT FFL.FirstOrder.Language.oRing
                    FFL.FirstOrder.Arithmetic.instORingORing))
                Empty (@OfNat.ofNat Nat (nat_lit 3) (instOfNatNat (nat_lit 3)))
                (@FFL.FirstOrder.Bounding.HierarchySymbol.mk FFL.FirstOrder.Language.oRing
                  (@FFL.FirstOrder.Bounding.lt FFL.FirstOrder.Language.oRing
                    (@FFL.FirstOrder.Language.ORing.toLT FFL.FirstOrder.Language.oRing
                      FFL.FirstOrder.Arithmetic.instORingORing))
                  (@FFL.SigmaSymbol.sigma FFL.SigmaPiDelta FFL.SigmaPiDelta.instSigmaSymbol)
                  (@OfNat.ofNat Nat (nat_lit 1) (instOfNatNat (nat_lit 1))))
                FFL.FirstOrder.Arithmetic.ipowDef)
              (@Matrix.vecCons
                (FFL.FirstOrder.Semiterm FFL.FirstOrder.Language.oRing Empty
                  (@HAdd.hAdd Nat Nat Nat (@instHAdd Nat instAddNat)
                    (@OfNat.ofNat Nat (nat_lit 3) (instOfNatNat (nat_lit 3)))
                    (@OfNat.ofNat Nat (nat_lit 1) (instOfNatNat (nat_lit 1)))))
                (Nat.succ (@OfNat.ofNat Nat (nat_lit 0) (instOfNatNat (nat_lit 0)))).succ
                (@FFL.FirstOrder.Semiterm.bvar FFL.FirstOrder.Language.oRing Empty
                  (@HAdd.hAdd Nat Nat Nat (@instHAdd Nat instAddNat)
                    (@OfNat.ofNat Nat (nat_lit 3) (instOfNatNat (nat_lit 3)))
                    (@OfNat.ofNat Nat (nat_lit 1) (instOfNatNat (nat_lit 1))))
                  (@OfNat.ofNat
                    (Fin
                      (@HAdd.hAdd Nat Nat Nat (@instHAdd Nat instAddNat)
                        (@OfNat.ofNat Nat (nat_lit 3) (instOfNatNat (nat_lit 3)))
                        (@OfNat.ofNat Nat (nat_lit 1) (instOfNatNat (nat_lit 1)))))
                    (nat_lit 0)
                    (@Fin.instOfNat
                      (@HAdd.hAdd Nat Nat Nat (@instHAdd Nat instAddNat)
                        (@OfNat.ofNat Nat (nat_lit 3) (instOfNatNat (nat_lit 3)))
                        (@OfNat.ofNat Nat (nat_lit 1) (instOfNatNat (nat_lit 1))))
                      FFL.FirstOrder.Arithmetic.ilogDef._proof_2 (nat_lit 0))))
                (@Matrix.vecCons
                  (FFL.FirstOrder.Semiterm FFL.FirstOrder.Language.oRing Empty
                    (@HAdd.hAdd Nat Nat Nat (@instHAdd Nat instAddNat)
                      (@OfNat.ofNat Nat (nat_lit 3) (instOfNatNat (nat_lit 3)))
                      (@OfNat.ofNat Nat (nat_lit 1) (instOfNatNat (nat_lit 1)))))
                  (Nat.succ (@OfNat.ofNat Nat (nat_lit 0) (instOfNatNat (nat_lit 0))))
                  (@FFL.FirstOrder.Semiterm.bvar FFL.FirstOrder.Language.oRing Empty
                    (@HAdd.hAdd Nat Nat Nat (@instHAdd Nat instAddNat)
                      (@OfNat.ofNat Nat (nat_lit 3) (instOfNatNat (nat_lit 3)))
                      (@OfNat.ofNat Nat (nat_lit 1) (instOfNatNat (nat_lit 1))))
                    (@OfNat.ofNat
                      (Fin
                        (@HAdd.hAdd Nat Nat Nat (@instHAdd Nat instAddNat)
                          (@OfNat.ofNat Nat (nat_lit 3) (instOfNatNat (nat_lit 3)))
                          (@OfNat.ofNat Nat (nat_lit 1) (instOfNatNat (nat_lit 1)))))
                      (nat_lit 2)
                      (@Fin.instOfNat
                        (@HAdd.hAdd Nat Nat Nat (@instHAdd Nat instAddNat)
                          (@OfNat.ofNat Nat (nat_lit 3) (instOfNatNat (nat_lit 3)))
                          (@OfNat.ofNat Nat (nat_lit 1) (instOfNatNat (nat_lit 1))))
                        FFL.FirstOrder.Arithmetic.ilogDef._proof_2 (nat_lit 2))))
                  (@Matrix.vecCons
                    (FFL.FirstOrder.Semiterm FFL.FirstOrder.Language.oRing Empty
                      (@HAdd.hAdd Nat Nat Nat (@instHAdd Nat instAddNat)
                        (@OfNat.ofNat Nat (nat_lit 3) (instOfNatNat (nat_lit 3)))
                        (@OfNat.ofNat Nat (nat_lit 1) (instOfNatNat (nat_lit 1)))))
                    (@OfNat.ofNat Nat (nat_lit 0) (instOfNatNat (nat_lit 0)))
                    (@FFL.FirstOrder.Semiterm.bvar FFL.FirstOrder.Language.oRing Empty
                      (@HAdd.hAdd Nat Nat Nat (@instHAdd Nat instAddNat)
                        (@OfNat.ofNat Nat (nat_lit 3) (instOfNatNat (nat_lit 3)))
                        (@OfNat.ofNat Nat (nat_lit 1) (instOfNatNat (nat_lit 1))))
                      (@OfNat.ofNat
                        (Fin
                          (@HAdd.hAdd Nat Nat Nat (@instHAdd Nat instAddNat)
                            (@OfNat.ofNat Nat (nat_lit 3) (instOfNatNat (nat_lit 3)))
                            (@OfNat.ofNat Nat (nat_lit 1) (instOfNatNat (nat_lit 1)))))
                        (nat_lit 1)
                        (@Fin.instOfNat
                          (@HAdd.hAdd Nat Nat Nat (@instHAdd Nat instAddNat)
                            (@OfNat.ofNat Nat (nat_lit 3) (instOfNatNat (nat_lit 3)))
                            (@OfNat.ofNat Nat (nat_lit 1) (instOfNatNat (nat_lit 1))))
                          FFL.FirstOrder.Arithmetic.ilogDef._proof_2 (nat_lit 1))))
                    (@Matrix.vecEmpty
                      (FFL.FirstOrder.Semiterm FFL.FirstOrder.Language.oRing Empty
                        (@HAdd.hAdd Nat Nat Nat (@instHAdd Nat instAddNat)
                          (@OfNat.ofNat Nat (nat_lit 3) (instOfNatNat (nat_lit 3)))
                          (@OfNat.ofNat Nat (nat_lit 1) (instOfNatNat (nat_lit 1))))))))))
            (@FFL.FirstOrder.Semiformula.Operator.operator FFL.FirstOrder.Language.oRing Empty
              (@HAdd.hAdd Nat Nat Nat (@instHAdd Nat instAddNat)
                (@OfNat.ofNat Nat (nat_lit 3) (instOfNatNat (nat_lit 3)))
                (@OfNat.ofNat Nat (nat_lit 1) (instOfNatNat (nat_lit 1))))
              (@OfNat.ofNat Nat (nat_lit 2) (instOfNatNat (nat_lit 2)))
              (@FFL.FirstOrder.Semiformula.Operator.LE.le FFL.FirstOrder.Language.oRing
                (@FFL.FirstOrder.Semiformula.Operator.instLEOfEqOfLT FFL.FirstOrder.Language.oRing
                  (@FFL.FirstOrder.Semiformula.Operator.instEqOfEq FFL.FirstOrder.Language.oRing
                    (@FFL.FirstOrder.Language.ORing.toEq FFL.FirstOrder.Language.oRing
                      FFL.FirstOrder.Arithmetic.instORingORing))
                  (@FFL.FirstOrder.Semiformula.Operator.instLTOfLT FFL.FirstOrder.Language.oRing
                    (@FFL.FirstOrder.Language.ORing.toLT FFL.FirstOrder.Language.oRing
                      FFL.FirstOrder.Arithmetic.instORingORing))))
              (@Matrix.vecCons
                (FFL.FirstOrder.Semiterm FFL.FirstOrder.Language.oRing Empty
                  (@HAdd.hAdd Nat Nat Nat (@instHAdd Nat instAddNat)
                    (@OfNat.ofNat Nat (nat_lit 3) (instOfNatNat (nat_lit 3)))
                    (@OfNat.ofNat Nat (nat_lit 1) (instOfNatNat (nat_lit 1)))))
                (@OfNat.ofNat Nat (nat_lit 1) (instOfNatNat (nat_lit 1)))
                (@FFL.FirstOrder.Semiterm.bvar FFL.FirstOrder.Language.oRing Empty
                  (@HAdd.hAdd Nat Nat Nat (@instHAdd Nat instAddNat)
                    (@OfNat.ofNat Nat (nat_lit 3) (instOfNatNat (nat_lit 3)))
                    (@OfNat.ofNat Nat (nat_lit 1) (instOfNatNat (nat_lit 1))))
                  (@OfNat.ofNat
                    (Fin
                      (@HAdd.hAdd Nat Nat Nat (@instHAdd Nat instAddNat)
                        (@OfNat.ofNat Nat (nat_lit 3) (instOfNatNat (nat_lit 3)))
                        (@OfNat.ofNat Nat (nat_lit 1) (instOfNatNat (nat_lit 1)))))
                    (nat_lit 0)
                    (@Fin.instOfNat
                      (@HAdd.hAdd Nat Nat Nat (@instHAdd Nat instAddNat)
                        (@OfNat.ofNat Nat (nat_lit 3) (instOfNatNat (nat_lit 3)))
                        (@OfNat.ofNat Nat (nat_lit 1) (instOfNatNat (nat_lit 1))))
                      FFL.FirstOrder.Arithmetic.ilogDef._proof_2 (nat_lit 0))))
                (@Matrix.vecCons
                  (FFL.FirstOrder.Semiterm FFL.FirstOrder.Language.oRing Empty
                    (@HAdd.hAdd Nat Nat Nat (@instHAdd Nat instAddNat)
                      (@OfNat.ofNat Nat (nat_lit 3) (instOfNatNat (nat_lit 3)))
                      (@OfNat.ofNat Nat (nat_lit 1) (instOfNatNat (nat_lit 1)))))
                  (@OfNat.ofNat Nat (nat_lit 0) (instOfNatNat (nat_lit 0)))
                  (@FFL.FirstOrder.Semiterm.bvar FFL.FirstOrder.Language.oRing Empty
                    (@HAdd.hAdd Nat Nat Nat (@instHAdd Nat instAddNat)
                      (@OfNat.ofNat Nat (nat_lit 3) (instOfNatNat (nat_lit 3)))
                      (@OfNat.ofNat Nat (nat_lit 1) (instOfNatNat (nat_lit 1))))
                    (@OfNat.ofNat
                      (Fin
                        (@HAdd.hAdd Nat Nat Nat (@instHAdd Nat instAddNat)
                          (@OfNat.ofNat Nat (nat_lit 3) (instOfNatNat (nat_lit 3)))
                          (@OfNat.ofNat Nat (nat_lit 1) (instOfNatNat (nat_lit 1)))))
                      (nat_lit 3)
                      (@Fin.instOfNat
                        (@HAdd.hAdd Nat Nat Nat (@instHAdd Nat instAddNat)
                          (@OfNat.ofNat Nat (nat_lit 3) (instOfNatNat (nat_lit 3)))
                          (@OfNat.ofNat Nat (nat_lit 1) (instOfNatNat (nat_lit 1))))
                        FFL.FirstOrder.Arithmetic.ilogDef._proof_2 (nat_lit 3))))
                  (@Matrix.vecEmpty
                    (FFL.FirstOrder.Semiterm FFL.FirstOrder.Language.oRing Empty
                      (@HAdd.hAdd Nat Nat Nat (@instHAdd Nat instAddNat)
                        (@OfNat.ofNat Nat (nat_lit 3) (instOfNatNat (nat_lit 3)))
                        (@OfNat.ofNat Nat (nat_lit 1) (instOfNatNat (nat_lit 1)))))))))))
        (@FFL.FirstOrder.ExsQuantifier.exs (FFL.FirstOrder.Semiformula FFL.FirstOrder.Language.oRing Empty)
          (@FFL.FirstOrder.Quantifier.toExsQuantifier (FFL.FirstOrder.Semiformula FFL.FirstOrder.Language.oRing Empty)
            (@FFL.FirstOrder.Semiformula.instQuantifier FFL.FirstOrder.Language.oRing Empty))
          (@OfNat.ofNat Nat (nat_lit 3) (instOfNatNat (nat_lit 3)))
          (@FFL.HWedge.hWedge
            (FFL.FirstOrder.Semiformula FFL.FirstOrder.Language.oRing Empty
              (@HAdd.hAdd Nat Nat Nat (@instHAdd Nat instAddNat)
                (@OfNat.ofNat Nat (nat_lit 3) (instOfNatNat (nat_lit 3)))
                (@OfNat.ofNat Nat (nat_lit 1) (instOfNatNat (nat_lit 1)))))
            (FFL.FirstOrder.Semiformula FFL.FirstOrder.Language.oRing Empty
              (@HAdd.hAdd Nat Nat Nat (@instHAdd Nat instAddNat)
                (@OfNat.ofNat Nat (nat_lit 3) (instOfNatNat (nat_lit 3)))
                (@OfNat.ofNat Nat (nat_lit 1) (instOfNatNat (nat_lit 1)))))
            (FFL.FirstOrder.Semiformula FFL.FirstOrder.Language.oRing Empty
              (@HAdd.hAdd Nat Nat Nat (@instHAdd Nat instAddNat)
                (@OfNat.ofNat Nat (nat_lit 3) (instOfNatNat (nat_lit 3)))
                (@OfNat.ofNat Nat (nat_lit 1) (instOfNatNat (nat_lit 1)))))
            (@FFL.Wedge.instHWedge
              (FFL.FirstOrder.Semiformula FFL.FirstOrder.Language.oRing Empty
                (@HAdd.hAdd Nat Nat Nat (@instHAdd Nat instAddNat)
                  (@OfNat.ofNat Nat (nat_lit 3) (instOfNatNat (nat_lit 3)))
                  (@OfNat.ofNat Nat (nat_lit 1) (instOfNatNat (nat_lit 1)))))
              (@FFL.LogicalConnective.toWedge
                (FFL.FirstOrder.Semiformula FFL.FirstOrder.Language.oRing Empty
                  (@HAdd.hAdd Nat Nat Nat (@instHAdd Nat instAddNat)
                    (@OfNat.ofNat Nat (nat_lit 3) (instOfNatNat (nat_lit 3)))
                    (@OfNat.ofNat Nat (nat_lit 1) (instOfNatNat (nat_lit 1)))))
                (@FFL.FirstOrder.Semiformula.instLogicalConnective FFL.FirstOrder.Language.oRing Empty
                  (@HAdd.hAdd Nat Nat Nat (@instHAdd Nat instAddNat)
                    (@OfNat.ofNat Nat (nat_lit 3) (instOfNatNat (nat_lit 3)))
                    (@OfNat.ofNat Nat (nat_lit 1) (instOfNatNat (nat_lit 1)))))))
            (@FFL.FirstOrder.Rewriting.subst FFL.FirstOrder.Language.oRing Empty
              (FFL.FirstOrder.Semiformula FFL.FirstOrder.Language.oRing Empty)
              (Nat.succ (@OfNat.ofNat Nat (nat_lit 0) (instOfNatNat (nat_lit 0)))).succ.succ
              (@HAdd.hAdd Nat Nat Nat (@instHAdd Nat instAddNat)
                (@OfNat.ofNat Nat (nat_lit 3) (instOfNatNat (nat_lit 3)))
                (@OfNat.ofNat Nat (nat_lit 1) (instOfNatNat (nat_lit 1))))
              (@FFL.FirstOrder.instLCWQOfQuantifierOfLogicalConnectiveOfLogicalNeutral
                (FFL.FirstOrder.Semiformula FFL.FirstOrder.Language.oRing Empty)
                (@FFL.FirstOrder.Semiformula.instQuantifier FFL.FirstOrder.Language.oRing Empty)
                (@FFL.FirstOrder.Semiformula.instLogicalConnective FFL.FirstOrder.Language.oRing Empty)
                (@FFL.FirstOrder.Semiformula.instLogicalNeutral FFL.FirstOrder.Language.oRing Empty))
              (@FFL.FirstOrder.Semiformula.instRewriting FFL.FirstOrder.Language.oRing Empty Empty)
              (@FFL.FirstOrder.Bounding.HierarchySymbol.Semiformula.val FFL.FirstOrder.Language.oRing
                (@FFL.FirstOrder.Bounding.lt FFL.FirstOrder.Language.oRing
                  (@FFL.FirstOrder.Language.ORing.toLT FFL.FirstOrder.Language.oRing
                    FFL.FirstOrder.Arithmetic.instORingORing))
                Empty (@OfNat.ofNat Nat (nat_lit 3) (instOfNatNat (nat_lit 3)))
                (@FFL.FirstOrder.Bounding.HierarchySymbol.mk FFL.FirstOrder.Language.oRing
                  (@FFL.FirstOrder.Bounding.lt FFL.FirstOrder.Language.oRing
                    (@FFL.FirstOrder.Language.ORing.toLT FFL.FirstOrder.Language.oRing
                      FFL.FirstOrder.Arithmetic.instORingORing))
                  (@FFL.SigmaSymbol.sigma FFL.SigmaPiDelta FFL.SigmaPiDelta.instSigmaSymbol)
                  (@OfNat.ofNat Nat (nat_lit 1) (instOfNatNat (nat_lit 1))))
                FFL.FirstOrder.Arithmetic.ipowDef)
              (@Matrix.vecCons
                (FFL.FirstOrder.Semiterm FFL.FirstOrder.Language.oRing Empty
                  (@HAdd.hAdd Nat Nat Nat (@instHAdd Nat instAddNat)
                    (@OfNat.ofNat Nat (nat_lit 3) (instOfNatNat (nat_lit 3)))
                    (@OfNat.ofNat Nat (nat_lit 1) (instOfNatNat (nat_lit 1)))))
                (Nat.succ (@OfNat.ofNat Nat (nat_lit 0) (instOfNatNat (nat_lit 0)))).succ
                (@FFL.FirstOrder.Semiterm.bvar FFL.FirstOrder.Language.oRing Empty
                  (@HAdd.hAdd Nat Nat Nat (@instHAdd Nat instAddNat)
                    (@OfNat.ofNat Nat (nat_lit 3) (instOfNatNat (nat_lit 3)))
                    (@OfNat.ofNat Nat (nat_lit 1) (instOfNatNat (nat_lit 1))))
                  (@OfNat.ofNat
                    (Fin
                      (@HAdd.hAdd Nat Nat Nat (@instHAdd Nat instAddNat)
                        (@OfNat.ofNat Nat (nat_lit 3) (instOfNatNat (nat_lit 3)))
                        (@OfNat.ofNat Nat (nat_lit 1) (instOfNatNat (nat_lit 1)))))
                    (nat_lit 0)
                    (@Fin.instOfNat
                      (@HAdd.hAdd Nat Nat Nat (@instHAdd Nat instAddNat)
                        (@OfNat.ofNat Nat (nat_lit 3) (instOfNatNat (nat_lit 3)))
                        (@OfNat.ofNat Nat (nat_lit 1) (instOfNatNat (nat_lit 1))))
                      FFL.FirstOrder.Arithmetic.ilogDef._proof_2 (nat_lit 0))))
                (@Matrix.vecCons
                  (FFL.FirstOrder.Semiterm FFL.FirstOrder.Language.oRing Empty
                    (@HAdd.hAdd Nat Nat Nat (@instHAdd Nat instAddNat)
                      (@OfNat.ofNat Nat (nat_lit 3) (instOfNatNat (nat_lit 3)))
                      (@OfNat.ofNat Nat (nat_lit 1) (instOfNatNat (nat_lit 1)))))
                  (Nat.succ (@OfNat.ofNat Nat (nat_lit 0) (instOfNatNat (nat_lit 0))))
                  (@FFL.FirstOrder.Semiterm.bvar FFL.FirstOrder.Language.oRing Empty
                    (@HAdd.hAdd Nat Nat Nat (@instHAdd Nat instAddNat)
                      (@OfNat.ofNat Nat (nat_lit 3) (instOfNatNat (nat_lit 3)))
                      (@OfNat.ofNat Nat (nat_lit 1) (instOfNatNat (nat_lit 1))))
                    (@OfNat.ofNat
                      (Fin
                        (@HAdd.hAdd Nat Nat Nat (@instHAdd Nat instAddNat)
                          (@OfNat.ofNat Nat (nat_lit 3) (instOfNatNat (nat_lit 3)))
                          (@OfNat.ofNat Nat (nat_lit 1) (instOfNatNat (nat_lit 1)))))
                      (nat_lit 2)
                      (@Fin.instOfNat
                        (@HAdd.hAdd Nat Nat Nat (@instHAdd Nat instAddNat)
                          (@OfNat.ofNat Nat (nat_lit 3) (instOfNatNat (nat_lit 3)))
                          (@OfNat.ofNat Nat (nat_lit 1) (instOfNatNat (nat_lit 1))))
                        FFL.FirstOrder.Arithmetic.ilogDef._proof_2 (nat_lit 2))))
                  (@Matrix.vecCons
                    (FFL.FirstOrder.Semiterm FFL.FirstOrder.Language.oRing Empty
                      (@HAdd.hAdd Nat Nat Nat (@instHAdd Nat instAddNat)
                        (@OfNat.ofNat Nat (nat_lit 3) (instOfNatNat (nat_lit 3)))
                        (@OfNat.ofNat Nat (nat_lit 1) (instOfNatNat (nat_lit 1)))))
                    (@OfNat.ofNat Nat (nat_lit 0) (instOfNatNat (nat_lit 0)))
                    (@FFL.FirstOrder.Semiterm.Operator.operator FFL.FirstOrder.Language.oRing Empty
                      (@HAdd.hAdd Nat Nat Nat (@instHAdd Nat instAddNat)
                        (@OfNat.ofNat Nat (nat_lit 3) (instOfNatNat (nat_lit 3)))
                        (@OfNat.ofNat Nat (nat_lit 1) (instOfNatNat (nat_lit 1))))
                      (@OfNat.ofNat Nat (nat_lit 2) (instOfNatNat (nat_lit 2)))
                      (@FFL.FirstOrder.Semiterm.Operator.Add.add FFL.FirstOrder.Language.oRing
                        (@FFL.FirstOrder.Semiterm.Operator.instAddOfAdd FFL.FirstOrder.Language.oRing
                          (@FFL.FirstOrder.Language.ORing.toAdd FFL.FirstOrder.Language.oRing
                            FFL.FirstOrder.Arithmetic.instORingORing)))
                      (@Matrix.vecCons
                        (FFL.FirstOrder.Semiterm FFL.FirstOrder.Language.oRing Empty
                          (@HAdd.hAdd Nat Nat Nat (@instHAdd Nat instAddNat)
                            (@OfNat.ofNat Nat (nat_lit 3) (instOfNatNat (nat_lit 3)))
                            (@OfNat.ofNat Nat (nat_lit 1) (instOfNatNat (nat_lit 1)))))
                        (@OfNat.ofNat Nat (nat_lit 1) (instOfNatNat (nat_lit 1)))
                        (@FFL.FirstOrder.Semiterm.bvar FFL.FirstOrder.Language.oRing Empty
                          (@HAdd.hAdd Nat Nat Nat (@instHAdd Nat instAddNat)
                            (@OfNat.ofNat Nat (nat_lit 3) (instOfNatNat (nat_lit 3)))
                            (@OfNat.ofNat Nat (nat_lit 1) (instOfNatNat (nat_lit 1))))
                          (@OfNat.ofNat
                            (Fin
                              (@HAdd.hAdd Nat Nat Nat (@instHAdd Nat instAddNat)
                                (@OfNat.ofNat Nat (nat_lit 3) (instOfNatNat (nat_lit 3)))
                                (@OfNat.ofNat Nat (nat_lit 1) (instOfNatNat (nat_lit 1)))))
                            (nat_lit 1)
                            (@Fin.instOfNat
                              (@HAdd.hAdd Nat Nat Nat (@instHAdd Nat instAddNat)
                                (@OfNat.ofNat Nat (nat_lit 3) (instOfNatNat (nat_lit 3)))
                                (@OfNat.ofNat Nat (nat_lit 1) (instOfNatNat (nat_lit 1))))
                              FFL.FirstOrder.Arithmetic.ilogDef._proof_2 (nat_lit 1))))
                        (@Matrix.vecCons
                          (FFL.FirstOrder.Semiterm FFL.FirstOrder.Language.oRing Empty
                            (@HAdd.hAdd Nat Nat Nat (@instHAdd Nat instAddNat)
                              (@OfNat.ofNat Nat (nat_lit 3) (instOfNatNat (nat_lit 3)))
                              (@OfNat.ofNat Nat (nat_lit 1) (instOfNatNat (nat_lit 1)))))
                          (@OfNat.ofNat Nat (nat_lit 0) (instOfNatNat (nat_lit 0)))
                          (@FFL.FirstOrder.Semiterm.numeral FFL.FirstOrder.Language.oRing
                            (@FFL.FirstOrder.Language.ORing.toZero FFL.FirstOrder.Language.oRing
                              FFL.FirstOrder.Arithmetic.instORingORing)
                            (@FFL.FirstOrder.Language.ORing.toOne FFL.FirstOrder.Language.oRing
                              FFL.FirstOrder.Arithmetic.instORingORing)
                            (@FFL.FirstOrder.Language.ORing.toAdd FFL.FirstOrder.Language.oRing
                              FFL.FirstOrder.Arithmetic.instORingORing)
                            Empty
                            (@HAdd.hAdd Nat Nat Nat (@instHAdd Nat instAddNat)
                              (@OfNat.ofNat Nat (nat_lit 3) (instOfNatNat (nat_lit 3)))
                              (@OfNat.ofNat Nat (nat_lit 1) (instOfNatNat (nat_lit 1))))
                            (@OfNat.ofNat Nat (nat_lit 1) (instOfNatNat (nat_lit 1))))
                          (@Matrix.vecEmpty
                            (FFL.FirstOrder.Semiterm FFL.FirstOrder.Language.oRing Empty
                              (@HAdd.hAdd Nat Nat Nat (@instHAdd Nat instAddNat)
                                (@OfNat.ofNat Nat (nat_lit 3) (instOfNatNat (nat_lit 3)))
                                (@OfNat.ofNat Nat (nat_lit 1) (instOfNatNat (nat_lit 1)))))))))
                    (@Matrix.vecEmpty
                      (FFL.FirstOrder.Semiterm FFL.FirstOrder.Language.oRing Empty
                        (@HAdd.hAdd Nat Nat Nat (@instHAdd Nat instAddNat)
                          (@OfNat.ofNat Nat (nat_lit 3) (instOfNatNat (nat_lit 3)))
                          (@OfNat.ofNat Nat (nat_lit 1) (instOfNatNat (nat_lit 1))))))))))
            (@FFL.FirstOrder.Semiformula.Operator.operator FFL.FirstOrder.Language.oRing Empty
              (@HAdd.hAdd Nat Nat Nat (@instHAdd Nat instAddNat)
                (@OfNat.ofNat Nat (nat_lit 3) (instOfNatNat (nat_lit 3)))
                (@OfNat.ofNat Nat (nat_lit 1) (instOfNatNat (nat_lit 1))))
              (@OfNat.ofNat Nat (nat_lit 2) (instOfNatNat (nat_lit 2)))
              (@FFL.FirstOrder.Semiformula.Operator.LT.lt FFL.FirstOrder.Language.oRing
                (@FFL.FirstOrder.Semiformula.Operator.instLTOfLT FFL.FirstOrder.Language.oRing
                  (@FFL.FirstOrder.Language.ORing.toLT FFL.FirstOrder.Language.oRing
                    FFL.FirstOrder.Arithmetic.instORingORing)))
              (@Matrix.vecCons
                (FFL.FirstOrder.Semiterm FFL.FirstOrder.Language.oRing Empty
                  (@HAdd.hAdd Nat Nat Nat (@instHAdd Nat instAddNat)
                    (@OfNat.ofNat Nat (nat_lit 3) (instOfNatNat (nat_lit 3)))
                    (@OfNat.ofNat Nat (nat_lit 1) (instOfNatNat (nat_lit 1)))))
                (@OfNat.ofNat Nat (nat_lit 1) (instOfNatNat (nat_lit 1)))
                (@FFL.FirstOrder.Semiterm.bvar FFL.FirstOrder.Language.oRing Empty
                  (@HAdd.hAdd Nat Nat Nat (@instHAdd Nat instAddNat)
                    (@OfNat.ofNat Nat (nat_lit 3) (instOfNatNat (nat_lit 3)))
                    (@OfNat.ofNat Nat (nat_lit 1) (instOfNatNat (nat_lit 1))))
                  (@OfNat.ofNat
                    (Fin
                      (@HAdd.hAdd Nat Nat Nat (@instHAdd Nat instAddNat)
                        (@OfNat.ofNat Nat (nat_lit 3) (instOfNatNat (nat_lit 3)))
                        (@OfNat.ofNat Nat (nat_lit 1) (instOfNatNat (nat_lit 1)))))
                    (nat_lit 3)
                    (@Fin.instOfNat
                      (@HAdd.hAdd Nat Nat Nat (@instHAdd Nat instAddNat)
                        (@OfNat.ofNat Nat (nat_lit 3) (instOfNatNat (nat_lit 3)))
                        (@OfNat.ofNat Nat (nat_lit 1) (instOfNatNat (nat_lit 1))))
                      FFL.FirstOrder.Arithmetic.ilogDef._proof_2 (nat_lit 3))))
                (@Matrix.vecCons
                  (FFL.FirstOrder.Semiterm FFL.FirstOrder.Language.oRing Empty
                    (@HAdd.hAdd Nat Nat Nat (@instHAdd Nat instAddNat)
                      (@OfNat.ofNat Nat (nat_lit 3) (instOfNatNat (nat_lit 3)))
                      (@OfNat.ofNat Nat (nat_lit 1) (instOfNatNat (nat_lit 1)))))
                  (@OfNat.ofNat Nat (nat_lit 0) (instOfNatNat (nat_lit 0)))
                  (@FFL.FirstOrder.Semiterm.bvar FFL.FirstOrder.Language.oRing Empty
                    (@HAdd.hAdd Nat Nat Nat (@instHAdd Nat instAddNat)
                      (@OfNat.ofNat Nat (nat_lit 3) (instOfNatNat (nat_lit 3)))
                      (@OfNat.ofNat Nat (nat_lit 1) (instOfNatNat (nat_lit 1))))
                    (@OfNat.ofNat
                      (Fin
                        (@HAdd.hAdd Nat Nat Nat (@instHAdd Nat instAddNat)
                          (@OfNat.ofNat Nat (nat_lit 3) (instOfNatNat (nat_lit 3)))
                          (@OfNat.ofNat Nat (nat_lit 1) (instOfNatNat (nat_lit 1)))))
                      (nat_lit 0)
                      (@Fin.instOfNat
                        (@HAdd.hAdd Nat Nat Nat (@instHAdd Nat instAddNat)
                          (@OfNat.ofNat Nat (nat_lit 3) (instOfNatNat (nat_lit 3)))
                          (@OfNat.ofNat Nat (nat_lit 1) (instOfNatNat (nat_lit 1))))
                        FFL.FirstOrder.Arithmetic.ilogDef._proof_2 (nat_lit 0))))
                  (@Matrix.vecEmpty
                    (FFL.FirstOrder.Semiterm FFL.FirstOrder.Language.oRing Empty
                      (@HAdd.hAdd Nat Nat Nat (@instHAdd Nat instAddNat)
                        (@OfNat.ofNat Nat (nat_lit 3) (instOfNatNat (nat_lit 3)))
                        (@OfNat.ofNat Nat (nat_lit 1) (instOfNatNat (nat_lit 1)))))))))))))
    (@FFL.HArrow.hArrow
      (FFL.FirstOrder.Semiformula FFL.FirstOrder.Language.oRing Empty
        (@OfNat.ofNat Nat (nat_lit 3) (instOfNatNat (nat_lit 3))))
      (FFL.FirstOrder.Semiformula FFL.FirstOrder.Language.oRing Empty
        (@OfNat.ofNat Nat (nat_lit 3) (instOfNatNat (nat_lit 3))))
      (FFL.FirstOrder.Semiformula FFL.FirstOrder.Language.oRing Empty
        (@OfNat.ofNat Nat (nat_lit 3) (instOfNatNat (nat_lit 3))))
      (@FFL.Arrow.instHArrow
        (FFL.FirstOrder.Semiformula FFL.FirstOrder.Language.oRing Empty
          (@OfNat.ofNat Nat (nat_lit 3) (instOfNatNat (nat_lit 3))))
        (@FFL.LogicalConnective.toArrow
          (FFL.FirstOrder.Semiformula FFL.FirstOrder.Language.oRing Empty
            (@OfNat.ofNat Nat (nat_lit 3) (instOfNatNat (nat_lit 3))))
          (@FFL.FirstOrder.Semiformula.instLogicalConnective FFL.FirstOrder.Language.oRing Empty
            (@OfNat.ofNat Nat (nat_lit 3) (instOfNatNat (nat_lit 3))))))
      (@FFL.HTilde.hTilde
        (FFL.FirstOrder.Semiformula FFL.FirstOrder.Language.oRing Empty
          (@OfNat.ofNat Nat (nat_lit 3) (instOfNatNat (nat_lit 3))))
        (FFL.FirstOrder.Semiformula FFL.FirstOrder.Language.oRing Empty
          (@OfNat.ofNat Nat (nat_lit 3) (instOfNatNat (nat_lit 3))))
        (@FFL.Tilde.instHTilde
          (FFL.FirstOrder.Semiformula FFL.FirstOrder.Language.oRing Empty
            (@OfNat.ofNat Nat (nat_lit 3) (instOfNatNat (nat_lit 3))))
          (@FFL.LogicalConnective.toTilde
            (FFL.FirstOrder.Semiformula FFL.FirstOrder.Language.oRing Empty
              (@OfNat.ofNat Nat (nat_lit 3) (instOfNatNat (nat_lit 3))))
            (@FFL.FirstOrder.Semiformula.instLogicalConnective FFL.FirstOrder.Language.oRing Empty
              (@OfNat.ofNat Nat (nat_lit 3) (instOfNatNat (nat_lit 3))))))
        (@FFL.HWedge.hWedge
          (FFL.FirstOrder.Semiformula FFL.FirstOrder.Language.oRing Empty
            (@OfNat.ofNat Nat (nat_lit 3) (instOfNatNat (nat_lit 3))))
          (FFL.FirstOrder.Semiformula FFL.FirstOrder.Language.oRing Empty
            (@OfNat.ofNat Nat (nat_lit 3) (instOfNatNat (nat_lit 3))))
          (FFL.FirstOrder.Semiformula FFL.FirstOrder.Language.oRing Empty
            (@OfNat.ofNat Nat (nat_lit 3) (instOfNatNat (nat_lit 3))))
          (@FFL.Wedge.instHWedge
            (FFL.FirstOrder.Semiformula FFL.FirstOrder.Language.oRing Empty
              (@OfNat.ofNat Nat (nat_lit 3) (instOfNatNat (nat_lit 3))))
            (@FFL.LogicalConnective.toWedge
              (FFL.FirstOrder.Semiformula FFL.FirstOrder.Language.oRing Empty
                (@OfNat.ofNat Nat (nat_lit 3) (instOfNatNat (nat_lit 3))))
              (@FFL.FirstOrder.Semiformula.instLogicalConnective FFL.FirstOrder.Language.oRing Empty
                (@OfNat.ofNat Nat (nat_lit 3) (instOfNatNat (nat_lit 3))))))
          (@FFL.FirstOrder.Semiformula.Operator.operator FFL.FirstOrder.Language.oRing Empty
            (@OfNat.ofNat Nat (nat_lit 3) (instOfNatNat (nat_lit 3)))
            (@OfNat.ofNat Nat (nat_lit 2) (instOfNatNat (nat_lit 2)))
            (@FFL.FirstOrder.Semiformula.Operator.LE.le FFL.FirstOrder.Language.oRing
              (@FFL.FirstOrder.Semiformula.Operator.instLEOfEqOfLT FFL.FirstOrder.Language.oRing
                (@FFL.FirstOrder.Semiformula.Operator.instEqOfEq FFL.FirstOrder.Language.oRing
                  (@FFL.FirstOrder.Language.ORing.toEq FFL.FirstOrder.Language.oRing
                    FFL.FirstOrder.Arithmetic.instORingORing))
                (@FFL.FirstOrder.Semiformula.Operator.instLTOfLT FFL.FirstOrder.Language.oRing
                  (@FFL.FirstOrder.Language.ORing.toLT FFL.FirstOrder.Language.oRing
                    FFL.FirstOrder.Arithmetic.instORingORing))))
            (@Matrix.vecCons
              (FFL.FirstOrder.Semiterm FFL.FirstOrder.Language.oRing Empty
                (@OfNat.ofNat Nat (nat_lit 3) (instOfNatNat (nat_lit 3))))
              (@OfNat.ofNat Nat (nat_lit 1) (instOfNatNat (nat_lit 1)))
              (@FFL.FirstOrder.Semiterm.numeral FFL.FirstOrder.Language.oRing
                (@FFL.FirstOrder.Language.ORing.toZero FFL.FirstOrder.Language.oRing
                  FFL.FirstOrder.Arithmetic.instORingORing)
                (@FFL.FirstOrder.Language.ORing.toOne FFL.FirstOrder.Language.oRing
                  FFL.FirstOrder.Arithmetic.instORingORing)
                (@FFL.FirstOrder.Language.ORing.toAdd FFL.FirstOrder.Language.oRing
                  FFL.FirstOrder.Arithmetic.instORingORing)
                Empty (@OfNat.ofNat Nat (nat_lit 3) (instOfNatNat (nat_lit 3)))
                (@OfNat.ofNat Nat (nat_lit 2) (instOfNatNat (nat_lit 2))))
              (@Matrix.vecCons
                (FFL.FirstOrder.Semiterm FFL.FirstOrder.Language.oRing Empty
                  (@OfNat.ofNat Nat (nat_lit 3) (instOfNatNat (nat_lit 3))))
                (@OfNat.ofNat Nat (nat_lit 0) (instOfNatNat (nat_lit 0)))
                (@FFL.FirstOrder.Semiterm.bvar FFL.FirstOrder.Language.oRing Empty
                  (@OfNat.ofNat Nat (nat_lit 3) (instOfNatNat (nat_lit 3)))
                  (@OfNat.ofNat (Fin (@OfNat.ofNat Nat (nat_lit 3) (instOfNatNat (nat_lit 3)))) (nat_lit 1)
                    (@Fin.instOfNat (@OfNat.ofNat Nat (nat_lit 3) (instOfNatNat (nat_lit 3)))
                      FFL.FirstOrder.Arithmetic.ilogDef._proof_1 (nat_lit 1))))
                (@Matrix.vecEmpty
                  (FFL.FirstOrder.Semiterm FFL.FirstOrder.Language.oRing Empty
                    (@OfNat.ofNat Nat (nat_lit 3) (instOfNatNat (nat_lit 3))))))))
          (@FFL.FirstOrder.Semiformula.Operator.operator FFL.FirstOrder.Language.oRing Empty
            (@OfNat.ofNat Nat (nat_lit 3) (instOfNatNat (nat_lit 3)))
            (@OfNat.ofNat Nat (nat_lit 2) (instOfNatNat (nat_lit 2)))
            (@FFL.FirstOrder.Semiformula.Operator.LT.lt FFL.FirstOrder.Language.oRing
              (@FFL.FirstOrder.Semiformula.Operator.instLTOfLT FFL.FirstOrder.Language.oRing
                (@FFL.FirstOrder.Language.ORing.toLT FFL.FirstOrder.Language.oRing
                  FFL.FirstOrder.Arithmetic.instORingORing)))
            (@Matrix.vecCons
              (FFL.FirstOrder.Semiterm FFL.FirstOrder.Language.oRing Empty
                (@OfNat.ofNat Nat (nat_lit 3) (instOfNatNat (nat_lit 3))))
              (@OfNat.ofNat Nat (nat_lit 1) (instOfNatNat (nat_lit 1)))
              (@FFL.FirstOrder.Semiterm.numeral FFL.FirstOrder.Language.oRing
                (@FFL.FirstOrder.Language.ORing.toZero FFL.FirstOrder.Language.oRing
                  FFL.FirstOrder.Arithmetic.instORingORing)
                (@FFL.FirstOrder.Language.ORing.toOne FFL.FirstOrder.Language.oRing
                  FFL.FirstOrder.Arithmetic.instORingORing)
                (@FFL.FirstOrder.Language.ORing.toAdd FFL.FirstOrder.Language.oRing
                  FFL.FirstOrder.Arithmetic.instORingORing)
                Empty (@OfNat.ofNat Nat (nat_lit 3) (instOfNatNat (nat_lit 3)))
                (@OfNat.ofNat Nat (nat_lit 0) (instOfNatNat (nat_lit 0))))
              (@Matrix.vecCons
                (FFL.FirstOrder.Semiterm FFL.FirstOrder.Language.oRing Empty
                  (@OfNat.ofNat Nat (nat_lit 3) (instOfNatNat (nat_lit 3))))
                (@OfNat.ofNat Nat (nat_lit 0) (instOfNatNat (nat_lit 0)))
                (@FFL.FirstOrder.Semiterm.bvar FFL.FirstOrder.Language.oRing Empty
                  (@OfNat.ofNat Nat (nat_lit 3) (instOfNatNat (nat_lit 3)))
                  (@OfNat.ofNat (Fin (@OfNat.ofNat Nat (nat_lit 3) (instOfNatNat (nat_lit 3)))) (nat_lit 2)
                    (@Fin.instOfNat (@OfNat.ofNat Nat (nat_lit 3) (instOfNatNat (nat_lit 3)))
                      FFL.FirstOrder.Arithmetic.ilogDef._proof_1 (nat_lit 2))))
                (@Matrix.vecEmpty
                  (FFL.FirstOrder.Semiterm FFL.FirstOrder.Language.oRing Empty
                    (@OfNat.ofNat Nat (nat_lit 3) (instOfNatNat (nat_lit 3))))))))))
      (@FFL.FirstOrder.Semiformula.Operator.operator FFL.FirstOrder.Language.oRing Empty
        (@OfNat.ofNat Nat (nat_lit 3) (instOfNatNat (nat_lit 3)))
        (@OfNat.ofNat Nat (nat_lit 2) (instOfNatNat (nat_lit 2)))
        (@FFL.FirstOrder.Semiformula.Operator.Eq.eq FFL.FirstOrder.Language.oRing
          (@FFL.FirstOrder.Semiformula.Operator.instEqOfEq FFL.FirstOrder.Language.oRing
            (@FFL.FirstOrder.Language.ORing.toEq FFL.FirstOrder.Language.oRing
              FFL.FirstOrder.Arithmetic.instORingORing)))
        (@Matrix.vecCons
          (FFL.FirstOrder.Semiterm FFL.FirstOrder.Language.oRing Empty
            (@OfNat.ofNat Nat (nat_lit 3) (instOfNatNat (nat_lit 3))))
          (@OfNat.ofNat Nat (nat_lit 1) (instOfNatNat (nat_lit 1)))
          (@FFL.FirstOrder.Semiterm.bvar FFL.FirstOrder.Language.oRing Empty
            (@OfNat.ofNat Nat (nat_lit 3) (instOfNatNat (nat_lit 3)))
            (@OfNat.ofNat (Fin (@OfNat.ofNat Nat (nat_lit 3) (instOfNatNat (nat_lit 3)))) (nat_lit 0)
              (@Fin.instOfNat (@OfNat.ofNat Nat (nat_lit 3) (instOfNatNat (nat_lit 3)))
                FFL.FirstOrder.Arithmetic.ilogDef._proof_1 (nat_lit 0))))
          (@Matrix.vecCons
            (FFL.FirstOrder.Semiterm FFL.FirstOrder.Language.oRing Empty
              (@OfNat.ofNat Nat (nat_lit 3) (instOfNatNat (nat_lit 3))))
            (@OfNat.ofNat Nat (nat_lit 0) (instOfNatNat (nat_lit 0)))
            (@FFL.FirstOrder.Semiterm.numeral FFL.FirstOrder.Language.oRing
              (@FFL.FirstOrder.Language.ORing.toZero FFL.FirstOrder.Language.oRing
                FFL.FirstOrder.Arithmetic.instORingORing)
              (@FFL.FirstOrder.Language.ORing.toOne FFL.FirstOrder.Language.oRing
                FFL.FirstOrder.Arithmetic.instORingORing)
              (@FFL.FirstOrder.Language.ORing.toAdd FFL.FirstOrder.Language.oRing
                FFL.FirstOrder.Arithmetic.instORingORing)
              Empty (@OfNat.ofNat Nat (nat_lit 3) (instOfNatNat (nat_lit 3)))
              (@OfNat.ofNat Nat (nat_lit 0) (instOfNatNat (nat_lit 0))))
            (@Matrix.vecEmpty
              (FFL.FirstOrder.Semiterm FFL.FirstOrder.Language.oRing Empty
                (@OfNat.ofNat Nat (nat_lit 3) (instOfNatNat (nat_lit 3))))))))))
  FFL.FirstOrder.Arithmetic.ilogDef._proof_3
def FFL.FirstOrder.Arithmetic.bumpNextDef : @FFL.FirstOrder.Bounding.HierarchySymbol.Semisentence
  FFL.FirstOrder.Language.oRing
  (@FFL.FirstOrder.Bounding.lt FFL.FirstOrder.Language.oRing
    (@FFL.FirstOrder.Language.ORing.toLT FFL.FirstOrder.Language.oRing FFL.FirstOrder.Arithmetic.instORingORing))
  (@FFL.FirstOrder.Bounding.HierarchySymbol.mk FFL.FirstOrder.Language.oRing
    (@FFL.FirstOrder.Bounding.lt FFL.FirstOrder.Language.oRing
      (@FFL.FirstOrder.Language.ORing.toLT FFL.FirstOrder.Language.oRing FFL.FirstOrder.Arithmetic.instORingORing))
    (@FFL.SigmaSymbol.sigma FFL.SigmaPiDelta FFL.SigmaPiDelta.instSigmaSymbol)
    (@OfNat.ofNat Nat (nat_lit 1) (instOfNatNat (nat_lit 1))))
  (@OfNat.ofNat Nat (nat_lit 4) (instOfNatNat (nat_lit 4))) :=
@FFL.FirstOrder.Bounding.HierarchySymbol.Semiformula.mkSigma FFL.FirstOrder.Language.oRing
  (@FFL.FirstOrder.Bounding.lt FFL.FirstOrder.Language.oRing
    (@FFL.FirstOrder.Language.ORing.toLT FFL.FirstOrder.Language.oRing FFL.FirstOrder.Arithmetic.instORingORing))
  Empty (@OfNat.ofNat Nat (nat_lit 4) (instOfNatNat (nat_lit 4)))
  (@OfNat.ofNat Nat (nat_lit 1) (instOfNatNat (nat_lit 1)))
  (@FFL.FirstOrder.ExsQuantifier.exs (FFL.FirstOrder.Semiformula FFL.FirstOrder.Language.oRing Empty)
    (@FFL.FirstOrder.Quantifier.toExsQuantifier (FFL.FirstOrder.Semiformula FFL.FirstOrder.Language.oRing Empty)
      (@FFL.FirstOrder.Semiformula.instQuantifier FFL.FirstOrder.Language.oRing Empty))
    (@OfNat.ofNat Nat (nat_lit 4) (instOfNatNat (nat_lit 4)))
    (@FFL.HWedge.hWedge
      (FFL.FirstOrder.Semiformula FFL.FirstOrder.Language.oRing Empty
        (@HAdd.hAdd Nat Nat Nat (@instHAdd Nat instAddNat) (@OfNat.ofNat Nat (nat_lit 4) (instOfNatNat (nat_lit 4)))
          (@OfNat.ofNat Nat (nat_lit 1) (instOfNatNat (nat_lit 1)))))
      (FFL.FirstOrder.Semiformula FFL.FirstOrder.Language.oRing Empty
        (@HAdd.hAdd Nat Nat Nat (@instHAdd Nat instAddNat) (@OfNat.ofNat Nat (nat_lit 4) (instOfNatNat (nat_lit 4)))
          (@OfNat.ofNat Nat (nat_lit 1) (instOfNatNat (nat_lit 1)))))
      (FFL.FirstOrder.Semiformula FFL.FirstOrder.Language.oRing Empty
        (@HAdd.hAdd Nat Nat Nat (@instHAdd Nat instAddNat) (@OfNat.ofNat Nat (nat_lit 4) (instOfNatNat (nat_lit 4)))
          (@OfNat.ofNat Nat (nat_lit 1) (instOfNatNat (nat_lit 1)))))
      (@FFL.Wedge.instHWedge
        (FFL.FirstOrder.Semiformula FFL.FirstOrder.Language.oRing Empty
          (@HAdd.hAdd Nat Nat Nat (@instHAdd Nat instAddNat) (@OfNat.ofNat Nat (nat_lit 4) (instOfNatNat (nat_lit 4)))
            (@OfNat.ofNat Nat (nat_lit 1) (instOfNatNat (nat_lit 1)))))
        (@FFL.LogicalConnective.toWedge
          (FFL.FirstOrder.Semiformula FFL.FirstOrder.Language.oRing Empty
            (@HAdd.hAdd Nat Nat Nat (@instHAdd Nat instAddNat) (@OfNat.ofNat Nat (nat_lit 4) (instOfNatNat (nat_lit 4)))
              (@OfNat.ofNat Nat (nat_lit 1) (instOfNatNat (nat_lit 1)))))
          (@FFL.FirstOrder.Semiformula.instLogicalConnective FFL.FirstOrder.Language.oRing Empty
            (@HAdd.hAdd Nat Nat Nat (@instHAdd Nat instAddNat) (@OfNat.ofNat Nat (nat_lit 4) (instOfNatNat (nat_lit 4)))
              (@OfNat.ofNat Nat (nat_lit 1) (instOfNatNat (nat_lit 1)))))))
      (@FFL.FirstOrder.Rewriting.subst FFL.FirstOrder.Language.oRing Empty
        (FFL.FirstOrder.Semiformula FFL.FirstOrder.Language.oRing Empty)
        (Nat.succ (@OfNat.ofNat Nat (nat_lit 0) (instOfNatNat (nat_lit 0)))).succ.succ
        (@HAdd.hAdd Nat Nat Nat (@instHAdd Nat instAddNat) (@OfNat.ofNat Nat (nat_lit 4) (instOfNatNat (nat_lit 4)))
          (@OfNat.ofNat Nat (nat_lit 1) (instOfNatNat (nat_lit 1))))
        (@FFL.FirstOrder.instLCWQOfQuantifierOfLogicalConnectiveOfLogicalNeutral
          (FFL.FirstOrder.Semiformula FFL.FirstOrder.Language.oRing Empty)
          (@FFL.FirstOrder.Semiformula.instQuantifier FFL.FirstOrder.Language.oRing Empty)
          (@FFL.FirstOrder.Semiformula.instLogicalConnective FFL.FirstOrder.Language.oRing Empty)
          (@FFL.FirstOrder.Semiformula.instLogicalNeutral FFL.FirstOrder.Language.oRing Empty))
        (@FFL.FirstOrder.Semiformula.instRewriting FFL.FirstOrder.Language.oRing Empty Empty)
        (@FFL.FirstOrder.Bounding.HierarchySymbol.Semiformula.val FFL.FirstOrder.Language.oRing
          (@FFL.FirstOrder.Bounding.lt FFL.FirstOrder.Language.oRing
            (@FFL.FirstOrder.Language.ORing.toLT FFL.FirstOrder.Language.oRing
              FFL.FirstOrder.Arithmetic.instORingORing))
          Empty (@OfNat.ofNat Nat (nat_lit 3) (instOfNatNat (nat_lit 3)))
          (@FFL.FirstOrder.Bounding.HierarchySymbol.mk FFL.FirstOrder.Language.oRing
            (@FFL.FirstOrder.Bounding.lt FFL.FirstOrder.Language.oRing
              (@FFL.FirstOrder.Language.ORing.toLT FFL.FirstOrder.Language.oRing
                FFL.FirstOrder.Arithmetic.instORingORing))
            (@FFL.SigmaSymbol.sigma FFL.SigmaPiDelta FFL.SigmaPiDelta.instSigmaSymbol)
            (@OfNat.ofNat Nat (nat_lit 1) (instOfNatNat (nat_lit 1))))
          FFL.FirstOrder.Arithmetic.ilogDef)
        (@Matrix.vecCons
          (FFL.FirstOrder.Semiterm FFL.FirstOrder.Language.oRing Empty
            (@HAdd.hAdd Nat Nat Nat (@instHAdd Nat instAddNat) (@OfNat.ofNat Nat (nat_lit 4) (instOfNatNat (nat_lit 4)))
              (@OfNat.ofNat Nat (nat_lit 1) (instOfNatNat (nat_lit 1)))))
          (Nat.succ (@OfNat.ofNat Nat (nat_lit 0) (instOfNatNat (nat_lit 0)))).succ
          (@FFL.FirstOrder.Semiterm.bvar FFL.FirstOrder.Language.oRing Empty
            (@HAdd.hAdd Nat Nat Nat (@instHAdd Nat instAddNat) (@OfNat.ofNat Nat (nat_lit 4) (instOfNatNat (nat_lit 4)))
              (@OfNat.ofNat Nat (nat_lit 1) (instOfNatNat (nat_lit 1))))
            (@OfNat.ofNat
              (Fin
                (@HAdd.hAdd Nat Nat Nat (@instHAdd Nat instAddNat)
                  (@OfNat.ofNat Nat (nat_lit 4) (instOfNatNat (nat_lit 4)))
                  (@OfNat.ofNat Nat (nat_lit 1) (instOfNatNat (nat_lit 1)))))
              (nat_lit 0)
              (@Fin.instOfNat
                (@HAdd.hAdd Nat Nat Nat (@instHAdd Nat instAddNat)
                  (@OfNat.ofNat Nat (nat_lit 4) (instOfNatNat (nat_lit 4)))
                  (@OfNat.ofNat Nat (nat_lit 1) (instOfNatNat (nat_lit 1))))
                FFL.FirstOrder.Arithmetic.bumpNextDef._proof_1 (nat_lit 0))))
          (@Matrix.vecCons
            (FFL.FirstOrder.Semiterm FFL.FirstOrder.Language.oRing Empty
              (@HAdd.hAdd Nat Nat Nat (@instHAdd Nat instAddNat)
                (@OfNat.ofNat Nat (nat_lit 4) (instOfNatNat (nat_lit 4)))
                (@OfNat.ofNat Nat (nat_lit 1) (instOfNatNat (nat_lit 1)))))
            (Nat.succ (@OfNat.ofNat Nat (nat_lit 0) (instOfNatNat (nat_lit 0))))
            (@FFL.FirstOrder.Semiterm.bvar FFL.FirstOrder.Language.oRing Empty
              (@HAdd.hAdd Nat Nat Nat (@instHAdd Nat instAddNat)
                (@OfNat.ofNat Nat (nat_lit 4) (instOfNatNat (nat_lit 4)))
                (@OfNat.ofNat Nat (nat_lit 1) (instOfNatNat (nat_lit 1))))
              (@OfNat.ofNat
                (Fin
                  (@HAdd.hAdd Nat Nat Nat (@instHAdd Nat instAddNat)
                    (@OfNat.ofNat Nat (nat_lit 4) (instOfNatNat (nat_lit 4)))
                    (@OfNat.ofNat Nat (nat_lit 1) (instOfNatNat (nat_lit 1)))))
                (nat_lit 2)
                (@Fin.instOfNat
                  (@HAdd.hAdd Nat Nat Nat (@instHAdd Nat instAddNat)
                    (@OfNat.ofNat Nat (nat_lit 4) (instOfNatNat (nat_lit 4)))
                    (@OfNat.ofNat Nat (nat_lit 1) (instOfNatNat (nat_lit 1))))
                  FFL.FirstOrder.Arithmetic.bumpNextDef._proof_1 (nat_lit 2))))
            (@Matrix.vecCons
              (FFL.FirstOrder.Semiterm FFL.FirstOrder.Language.oRing Empty
                (@HAdd.hAdd Nat Nat Nat (@instHAdd Nat instAddNat)
                  (@OfNat.ofNat Nat (nat_lit 4) (instOfNatNat (nat_lit 4)))
                  (@OfNat.ofNat Nat (nat_lit 1) (instOfNatNat (nat_lit 1)))))
              (@OfNat.ofNat Nat (nat_lit 0) (instOfNatNat (nat_lit 0)))
              (@FFL.FirstOrder.Semiterm.bvar FFL.FirstOrder.Language.oRing Empty
                (@HAdd.hAdd Nat Nat Nat (@instHAdd Nat instAddNat)
                  (@OfNat.ofNat Nat (nat_lit 4) (instOfNatNat (nat_lit 4)))
                  (@OfNat.ofNat Nat (nat_lit 1) (instOfNatNat (nat_lit 1))))
                (@OfNat.ofNat
                  (Fin
                    (@HAdd.hAdd Nat Nat Nat (@instHAdd Nat instAddNat)
                      (@OfNat.ofNat Nat (nat_lit 4) (instOfNatNat (nat_lit 4)))
                      (@OfNat.ofNat Nat (nat_lit 1) (instOfNatNat (nat_lit 1)))))
                  (nat_lit 3)
                  (@Fin.instOfNat
                    (@HAdd.hAdd Nat Nat Nat (@instHAdd Nat instAddNat)
                      (@OfNat.ofNat Nat (nat_lit 4) (instOfNatNat (nat_lit 4)))
                      (@OfNat.ofNat Nat (nat_lit 1) (instOfNatNat (nat_lit 1))))
                    FFL.FirstOrder.Arithmetic.bumpNextDef._proof_1 (nat_lit 3))))
              (@Matrix.vecEmpty
                (FFL.FirstOrder.Semiterm FFL.FirstOrder.Language.oRing Empty
                  (@HAdd.hAdd Nat Nat Nat (@instHAdd Nat instAddNat)
                    (@OfNat.ofNat Nat (nat_lit 4) (instOfNatNat (nat_lit 4)))
                    (@OfNat.ofNat Nat (nat_lit 1) (instOfNatNat (nat_lit 1))))))))))
      (@FFL.FirstOrder.ExsQuantifier.exs (FFL.FirstOrder.Semiformula FFL.FirstOrder.Language.oRing Empty)
        (@FFL.FirstOrder.Quantifier.toExsQuantifier (FFL.FirstOrder.Semiformula FFL.FirstOrder.Language.oRing Empty)
          (@FFL.FirstOrder.Semiformula.instQuantifier FFL.FirstOrder.Language.oRing Empty))
        (@HAdd.hAdd Nat Nat Nat (@instHAdd Nat instAddNat) (@OfNat.ofNat Nat (nat_lit 4) (instOfNatNat (nat_lit 4)))
          (@OfNat.ofNat Nat (nat_lit 1) (instOfNatNat (nat_lit 1))))
        (@FFL.HWedge.hWedge
          (FFL.FirstOrder.Semiformula FFL.FirstOrder.Language.oRing Empty
            (@HAdd.hAdd Nat Nat Nat (@instHAdd Nat instAddNat)
              (@HAdd.hAdd Nat Nat Nat (@instHAdd Nat instAddNat)
                (@OfNat.ofNat Nat (nat_lit 4) (instOfNatNat (nat_lit 4)))
                (@OfNat.ofNat Nat (nat_lit 1) (instOfNatNat (nat_lit 1))))
              (@OfNat.ofNat Nat (nat_lit 1) (instOfNatNat (nat_lit 1)))))
          (FFL.FirstOrder.Semiformula FFL.FirstOrder.Language.oRing Empty
            (@HAdd.hAdd Nat Nat Nat (@instHAdd Nat instAddNat)
              (@HAdd.hAdd Nat Nat Nat (@instHAdd Nat instAddNat)
                (@OfNat.ofNat Nat (nat_lit 4) (instOfNatNat (nat_lit 4)))
                (@OfNat.ofNat Nat (nat_lit 1) (instOfNatNat (nat_lit 1))))
              (@OfNat.ofNat Nat (nat_lit 1) (instOfNatNat (nat_lit 1)))))
          (FFL.FirstOrder.Semiformula FFL.FirstOrder.Language.oRing Empty
            (@HAdd.hAdd Nat Nat Nat (@instHAdd Nat instAddNat)
              (@HAdd.hAdd Nat Nat Nat (@instHAdd Nat instAddNat)
                (@OfNat.ofNat Nat (nat_lit 4) (instOfNatNat (nat_lit 4)))
                (@OfNat.ofNat Nat (nat_lit 1) (instOfNatNat (nat_lit 1))))
              (@OfNat.ofNat Nat (nat_lit 1) (instOfNatNat (nat_lit 1)))))
          (@FFL.Wedge.instHWedge
            (FFL.FirstOrder.Semiformula FFL.FirstOrder.Language.oRing Empty
              (@HAdd.hAdd Nat Nat Nat (@instHAdd Nat instAddNat)
                (@HAdd.hAdd Nat Nat Nat (@instHAdd Nat instAddNat)
                  (@OfNat.ofNat Nat (nat_lit 4) (instOfNatNat (nat_lit 4)))
                  (@OfNat.ofNat Nat (nat_lit 1) (instOfNatNat (nat_lit 1))))
                (@OfNat.ofNat Nat (nat_lit 1) (instOfNatNat (nat_lit 1)))))
            (@FFL.LogicalConnective.toWedge
              (FFL.FirstOrder.Semiformula FFL.FirstOrder.Language.oRing Empty
                (@HAdd.hAdd Nat Nat Nat (@instHAdd Nat instAddNat)
                  (@HAdd.hAdd Nat Nat Nat (@instHAdd Nat instAddNat)
                    (@OfNat.ofNat Nat (nat_lit 4) (instOfNatNat (nat_lit 4)))
                    (@OfNat.ofNat Nat (nat_lit 1) (instOfNatNat (nat_lit 1))))
                  (@OfNat.ofNat Nat (nat_lit 1) (instOfNatNat (nat_lit 1)))))
              (@FFL.FirstOrder.Semiformula.instLogicalConnective FFL.FirstOrder.Language.oRing Empty
                (@HAdd.hAdd Nat Nat Nat (@instHAdd Nat instAddNat)
                  (@HAdd.hAdd Nat Nat Nat (@instHAdd Nat instAddNat)
                    (@OfNat.ofNat Nat (nat_lit 4) (instOfNatNat (nat_lit 4)))
                    (@OfNat.ofNat Nat (nat_lit 1) (instOfNatNat (nat_lit 1))))
                  (@OfNat.ofNat Nat (nat_lit 1) (instOfNatNat (nat_lit 1)))))))
          (@FFL.FirstOrder.Rewriting.subst FFL.FirstOrder.Language.oRing Empty
            (FFL.FirstOrder.Semiformula FFL.FirstOrder.Language.oRing Empty)
            (Nat.succ (@OfNat.ofNat Nat (nat_lit 0) (instOfNatNat (nat_lit 0)))).succ.succ
            (@HAdd.hAdd Nat Nat Nat (@instHAdd Nat instAddNat)
              (@HAdd.hAdd Nat Nat Nat (@instHAdd Nat instAddNat)
                (@OfNat.ofNat Nat (nat_lit 4) (instOfNatNat (nat_lit 4)))
                (@OfNat.ofNat Nat (nat_lit 1) (instOfNatNat (nat_lit 1))))
              (@OfNat.ofNat Nat (nat_lit 1) (instOfNatNat (nat_lit 1))))
            (@FFL.FirstOrder.instLCWQOfQuantifierOfLogicalConnectiveOfLogicalNeutral
              (FFL.FirstOrder.Semiformula FFL.FirstOrder.Language.oRing Empty)
              (@FFL.FirstOrder.Semiformula.instQuantifier FFL.FirstOrder.Language.oRing Empty)
              (@FFL.FirstOrder.Semiformula.instLogicalConnective FFL.FirstOrder.Language.oRing Empty)
              (@FFL.FirstOrder.Semiformula.instLogicalNeutral FFL.FirstOrder.Language.oRing Empty))
            (@FFL.FirstOrder.Semiformula.instRewriting FFL.FirstOrder.Language.oRing Empty Empty)
            (@FFL.FirstOrder.Bounding.HierarchySymbol.Semiformula.val FFL.FirstOrder.Language.oRing
              (@FFL.FirstOrder.Bounding.lt FFL.FirstOrder.Language.oRing
                (@FFL.FirstOrder.Language.ORing.toLT FFL.FirstOrder.Language.oRing
                  FFL.FirstOrder.Arithmetic.instORingORing))
              Empty (@OfNat.ofNat Nat (nat_lit 3) (instOfNatNat (nat_lit 3)))
              (@FFL.FirstOrder.Bounding.HierarchySymbol.mk FFL.FirstOrder.Language.oRing
                (@FFL.FirstOrder.Bounding.lt FFL.FirstOrder.Language.oRing
                  (@FFL.FirstOrder.Language.ORing.toLT FFL.FirstOrder.Language.oRing
                    FFL.FirstOrder.Arithmetic.instORingORing))
                (@FFL.SigmaSymbol.sigma FFL.SigmaPiDelta FFL.SigmaPiDelta.instSigmaSymbol)
                (@OfNat.ofNat Nat (nat_lit 1) (instOfNatNat (nat_lit 1))))
              FFL.FirstOrder.Arithmetic.ipowDef)
            (@Matrix.vecCons
              (FFL.FirstOrder.Semiterm FFL.FirstOrder.Language.oRing Empty
                (@HAdd.hAdd Nat Nat Nat (@instHAdd Nat instAddNat)
                  (@HAdd.hAdd Nat Nat Nat (@instHAdd Nat instAddNat)
                    (@OfNat.ofNat Nat (nat_lit 4) (instOfNatNat (nat_lit 4)))
                    (@OfNat.ofNat Nat (nat_lit 1) (instOfNatNat (nat_lit 1))))
                  (@OfNat.ofNat Nat (nat_lit 1) (instOfNatNat (nat_lit 1)))))
              (Nat.succ (@OfNat.ofNat Nat (nat_lit 0) (instOfNatNat (nat_lit 0)))).succ
              (@FFL.FirstOrder.Semiterm.bvar FFL.FirstOrder.Language.oRing Empty
                (@HAdd.hAdd Nat Nat Nat (@instHAdd Nat instAddNat)
                  (@HAdd.hAdd Nat Nat Nat (@instHAdd Nat instAddNat)
                    (@OfNat.ofNat Nat (nat_lit 4) (instOfNatNat (nat_lit 4)))
                    (@OfNat.ofNat Nat (nat_lit 1) (instOfNatNat (nat_lit 1))))
                  (@OfNat.ofNat Nat (nat_lit 1) (instOfNatNat (nat_lit 1))))
                (@OfNat.ofNat
                  (Fin
                    (@HAdd.hAdd Nat Nat Nat (@instHAdd Nat instAddNat)
                      (@HAdd.hAdd Nat Nat Nat (@instHAdd Nat instAddNat)
                        (@OfNat.ofNat Nat (nat_lit 4) (instOfNatNat (nat_lit 4)))
                        (@OfNat.ofNat Nat (nat_lit 1) (instOfNatNat (nat_lit 1))))
                      (@OfNat.ofNat Nat (nat_lit 1) (instOfNatNat (nat_lit 1)))))
                  (nat_lit 0)
                  (@Fin.instOfNat
                    (@HAdd.hAdd Nat Nat Nat (@instHAdd Nat instAddNat)
                      (@HAdd.hAdd Nat Nat Nat (@instHAdd Nat instAddNat)
                        (@OfNat.ofNat Nat (nat_lit 4) (instOfNatNat (nat_lit 4)))
                        (@OfNat.ofNat Nat (nat_lit 1) (instOfNatNat (nat_lit 1))))
                      (@OfNat.ofNat Nat (nat_lit 1) (instOfNatNat (nat_lit 1))))
                    FFL.FirstOrder.Arithmetic.bumpNextDef._proof_2 (nat_lit 0))))
              (@Matrix.vecCons
                (FFL.FirstOrder.Semiterm FFL.FirstOrder.Language.oRing Empty
                  (@HAdd.hAdd Nat Nat Nat (@instHAdd Nat instAddNat)
                    (@HAdd.hAdd Nat Nat Nat (@instHAdd Nat instAddNat)
                      (@OfNat.ofNat Nat (nat_lit 4) (instOfNatNat (nat_lit 4)))
                      (@OfNat.ofNat Nat (nat_lit 1) (instOfNatNat (nat_lit 1))))
                    (@OfNat.ofNat Nat (nat_lit 1) (instOfNatNat (nat_lit 1)))))
                (Nat.succ (@OfNat.ofNat Nat (nat_lit 0) (instOfNatNat (nat_lit 0))))
                (@FFL.FirstOrder.Semiterm.bvar FFL.FirstOrder.Language.oRing Empty
                  (@HAdd.hAdd Nat Nat Nat (@instHAdd Nat instAddNat)
                    (@HAdd.hAdd Nat Nat Nat (@instHAdd Nat instAddNat)
                      (@OfNat.ofNat Nat (nat_lit 4) (instOfNatNat (nat_lit 4)))
                      (@OfNat.ofNat Nat (nat_lit 1) (instOfNatNat (nat_lit 1))))
                    (@OfNat.ofNat Nat (nat_lit 1) (instOfNatNat (nat_lit 1))))
                  (@OfNat.ofNat
                    (Fin
                      (@HAdd.hAdd Nat Nat Nat (@instHAdd Nat instAddNat)
                        (@HAdd.hAdd Nat Nat Nat (@instHAdd Nat instAddNat)
                          (@OfNat.ofNat Nat (nat_lit 4) (instOfNatNat (nat_lit 4)))
                          (@OfNat.ofNat Nat (nat_lit 1) (instOfNatNat (nat_lit 1))))
                        (@OfNat.ofNat Nat (nat_lit 1) (instOfNatNat (nat_lit 1)))))
                    (nat_lit 3)
                    (@Fin.instOfNat
                      (@HAdd.hAdd Nat Nat Nat (@instHAdd Nat instAddNat)
                        (@HAdd.hAdd Nat Nat Nat (@instHAdd Nat instAddNat)
                          (@OfNat.ofNat Nat (nat_lit 4) (instOfNatNat (nat_lit 4)))
                          (@OfNat.ofNat Nat (nat_lit 1) (instOfNatNat (nat_lit 1))))
                        (@OfNat.ofNat Nat (nat_lit 1) (instOfNatNat (nat_lit 1))))
                      FFL.FirstOrder.Arithmetic.bumpNextDef._proof_2 (nat_lit 3))))
                (@Matrix.vecCons
                  (FFL.FirstOrder.Semiterm FFL.FirstOrder.Language.oRing Empty
                    (@HAdd.hAdd Nat Nat Nat (@instHAdd Nat instAddNat)
                      (@HAdd.hAdd Nat Nat Nat (@instHAdd Nat instAddNat)
                        (@OfNat.ofNat Nat (nat_lit 4) (instOfNatNat (nat_lit 4)))
                        (@OfNat.ofNat Nat (nat_lit 1) (instOfNatNat (nat_lit 1))))
                      (@OfNat.ofNat Nat (nat_lit 1) (instOfNatNat (nat_lit 1)))))
                  (@OfNat.ofNat Nat (nat_lit 0) (instOfNatNat (nat_lit 0)))
                  (@FFL.FirstOrder.Semiterm.bvar FFL.FirstOrder.Language.oRing Empty
                    (@HAdd.hAdd Nat Nat Nat (@instHAdd Nat instAddNat)
                      (@HAdd.hAdd Nat Nat Nat (@instHAdd Nat instAddNat)
                        (@OfNat.ofNat Nat (nat_lit 4) (instOfNatNat (nat_lit 4)))
                        (@OfNat.ofNat Nat (nat_lit 1) (instOfNatNat (nat_lit 1))))
                      (@OfNat.ofNat Nat (nat_lit 1) (instOfNatNat (nat_lit 1))))
                    (@OfNat.ofNat
                      (Fin
                        (@HAdd.hAdd Nat Nat Nat (@instHAdd Nat instAddNat)
                          (@HAdd.hAdd Nat Nat Nat (@instHAdd Nat instAddNat)
                            (@OfNat.ofNat Nat (nat_lit 4) (instOfNatNat (nat_lit 4)))
                            (@OfNat.ofNat Nat (nat_lit 1) (instOfNatNat (nat_lit 1))))
                          (@OfNat.ofNat Nat (nat_lit 1) (instOfNatNat (nat_lit 1)))))
                      (nat_lit 1)
                      (@Fin.instOfNat
                        (@HAdd.hAdd Nat Nat Nat (@instHAdd Nat instAddNat)
                          (@HAdd.hAdd Nat Nat Nat (@instHAdd Nat instAddNat)
                            (@OfNat.ofNat Nat (nat_lit 4) (instOfNatNat (nat_lit 4)))
                            (@OfNat.ofNat Nat (nat_lit 1) (instOfNatNat (nat_lit 1))))
                          (@OfNat.ofNat Nat (nat_lit 1) (instOfNatNat (nat_lit 1))))
                        FFL.FirstOrder.Arithmetic.bumpNextDef._proof_2 (nat_lit 1))))
                  (@Matrix.vecEmpty
                    (FFL.FirstOrder.Semiterm FFL.FirstOrder.Language.oRing Empty
                      (@HAdd.hAdd Nat Nat Nat (@instHAdd Nat instAddNat)
                        (@HAdd.hAdd Nat Nat Nat (@instHAdd Nat instAddNat)
                          (@OfNat.ofNat Nat (nat_lit 4) (instOfNatNat (nat_lit 4)))
                          (@OfNat.ofNat Nat (nat_lit 1) (instOfNatNat (nat_lit 1))))
                        (@OfNat.ofNat Nat (nat_lit 1) (instOfNatNat (nat_lit 1))))))))))
          (@FFL.FirstOrder.ExsQuantifier.exs (FFL.FirstOrder.Semiformula FFL.FirstOrder.Language.oRing Empty)
            (@FFL.FirstOrder.Quantifier.toExsQuantifier (FFL.FirstOrder.Semiformula FFL.FirstOrder.Language.oRing Empty)
              (@FFL.FirstOrder.Semiformula.instQuantifier FFL.FirstOrder.Language.oRing Empty))
            (@HAdd.hAdd Nat Nat Nat (@instHAdd Nat instAddNat)
              (@HAdd.hAdd Nat Nat Nat (@instHAdd Nat instAddNat)
                (@OfNat.ofNat Nat (nat_lit 4) (instOfNatNat (nat_lit 4)))
                (@OfNat.ofNat Nat (nat_lit 1) (instOfNatNat (nat_lit 1))))
              (@OfNat.ofNat Nat (nat_lit 1) (instOfNatNat (nat_lit 1))))
            (@FFL.HWedge.hWedge
              (FFL.FirstOrder.Semiformula FFL.FirstOrder.Language.oRing Empty
                (@HAdd.hAdd Nat Nat Nat (@instHAdd Nat instAddNat)
                  (@HAdd.hAdd Nat Nat Nat (@instHAdd Nat instAddNat)
                    (@HAdd.hAdd Nat Nat Nat (@instHAdd Nat instAddNat)
                      (@OfNat.ofNat Nat (nat_lit 4) (instOfNatNat (nat_lit 4)))
                      (@OfNat.ofNat Nat (nat_lit 1) (instOfNatNat (nat_lit 1))))
                    (@OfNat.ofNat Nat (nat_lit 1) (instOfNatNat (nat_lit 1))))
                  (@OfNat.ofNat Nat (nat_lit 1) (instOfNatNat (nat_lit 1)))))
              (FFL.FirstOrder.Semiformula FFL.FirstOrder.Language.oRing Empty
                (@HAdd.hAdd Nat Nat Nat (@instHAdd Nat instAddNat)
                  (@HAdd.hAdd Nat Nat Nat (@instHAdd Nat instAddNat)
                    (@HAdd.hAdd Nat Nat Nat (@instHAdd Nat instAddNat)
                      (@OfNat.ofNat Nat (nat_lit 4) (instOfNatNat (nat_lit 4)))
                      (@OfNat.ofNat Nat (nat_lit 1) (instOfNatNat (nat_lit 1))))
                    (@OfNat.ofNat Nat (nat_lit 1) (instOfNatNat (nat_lit 1))))
                  (@OfNat.ofNat Nat (nat_lit 1) (instOfNatNat (nat_lit 1)))))
              (FFL.FirstOrder.Semiformula FFL.FirstOrder.Language.oRing Empty
                (@HAdd.hAdd Nat Nat Nat (@instHAdd Nat instAddNat)
                  (@HAdd.hAdd Nat Nat Nat (@instHAdd Nat instAddNat)
                    (@HAdd.hAdd Nat Nat Nat (@instHAdd Nat instAddNat)
                      (@OfNat.ofNat Nat (nat_lit 4) (instOfNatNat (nat_lit 4)))
                      (@OfNat.ofNat Nat (nat_lit 1) (instOfNatNat (nat_lit 1))))
                    (@OfNat.ofNat Nat (nat_lit 1) (instOfNatNat (nat_lit 1))))
                  (@OfNat.ofNat Nat (nat_lit 1) (instOfNatNat (nat_lit 1)))))
              (@FFL.Wedge.instHWedge
                (FFL.FirstOrder.Semiformula FFL.FirstOrder.Language.oRing Empty
                  (@HAdd.hAdd Nat Nat Nat (@instHAdd Nat instAddNat)
                    (@HAdd.hAdd Nat Nat Nat (@instHAdd Nat instAddNat)
                      (@HAdd.hAdd Nat Nat Nat (@instHAdd Nat instAddNat)
                        (@OfNat.ofNat Nat (nat_lit 4) (instOfNatNat (nat_lit 4)))
                        (@OfNat.ofNat Nat (nat_lit 1) (instOfNatNat (nat_lit 1))))
                      (@OfNat.ofNat Nat (nat_lit 1) (instOfNatNat (nat_lit 1))))
                    (@OfNat.ofNat Nat (nat_lit 1) (instOfNatNat (nat_lit 1)))))
                (@FFL.LogicalConnective.toWedge
                  (FFL.FirstOrder.Semiformula FFL.FirstOrder.Language.oRing Empty
                    (@HAdd.hAdd Nat Nat Nat (@instHAdd Nat instAddNat)
                      (@HAdd.hAdd Nat Nat Nat (@instHAdd Nat instAddNat)
                        (@HAdd.hAdd Nat Nat Nat (@instHAdd Nat instAddNat)
                          (@OfNat.ofNat Nat (nat_lit 4) (instOfNatNat (nat_lit 4)))
                          (@OfNat.ofNat Nat (nat_lit 1) (instOfNatNat (nat_lit 1))))
                        (@OfNat.ofNat Nat (nat_lit 1) (instOfNatNat (nat_lit 1))))
                      (@OfNat.ofNat Nat (nat_lit 1) (instOfNatNat (nat_lit 1)))))
                  (@FFL.FirstOrder.Semiformula.instLogicalConnective FFL.FirstOrder.Language.oRing Empty
                    (@HAdd.hAdd Nat Nat Nat (@instHAdd Nat instAddNat)
                      (@HAdd.hAdd Nat Nat Nat (@instHAdd Nat instAddNat)
                        (@HAdd.hAdd Nat Nat Nat (@instHAdd Nat instAddNat)
                          (@OfNat.ofNat Nat (nat_lit 4) (instOfNatNat (nat_lit 4)))
                          (@OfNat.ofNat Nat (nat_lit 1) (instOfNatNat (nat_lit 1))))
                        (@OfNat.ofNat Nat (nat_lit 1) (instOfNatNat (nat_lit 1))))
                      (@OfNat.ofNat Nat (nat_lit 1) (instOfNatNat (nat_lit 1)))))))
              (@FFL.FirstOrder.Rewriting.subst FFL.FirstOrder.Language.oRing Empty
                (FFL.FirstOrder.Semiformula FFL.FirstOrder.Language.oRing Empty)
                (Nat.succ (@OfNat.ofNat Nat (nat_lit 0) (instOfNatNat (nat_lit 0)))).succ.succ
                (@HAdd.hAdd Nat Nat Nat (@instHAdd Nat instAddNat)
                  (@HAdd.hAdd Nat Nat Nat (@instHAdd Nat instAddNat)
                    (@HAdd.hAdd Nat Nat Nat (@instHAdd Nat instAddNat)
                      (@OfNat.ofNat Nat (nat_lit 4) (instOfNatNat (nat_lit 4)))
                      (@OfNat.ofNat Nat (nat_lit 1) (instOfNatNat (nat_lit 1))))
                    (@OfNat.ofNat Nat (nat_lit 1) (instOfNatNat (nat_lit 1))))
                  (@OfNat.ofNat Nat (nat_lit 1) (instOfNatNat (nat_lit 1))))
                (@FFL.FirstOrder.instLCWQOfQuantifierOfLogicalConnectiveOfLogicalNeutral
                  (FFL.FirstOrder.Semiformula FFL.FirstOrder.Language.oRing Empty)
                  (@FFL.FirstOrder.Semiformula.instQuantifier FFL.FirstOrder.Language.oRing Empty)
                  (@FFL.FirstOrder.Semiformula.instLogicalConnective FFL.FirstOrder.Language.oRing Empty)
                  (@FFL.FirstOrder.Semiformula.instLogicalNeutral FFL.FirstOrder.Language.oRing Empty))
                (@FFL.FirstOrder.Semiformula.instRewriting FFL.FirstOrder.Language.oRing Empty Empty)
                (@FFL.FirstOrder.Bounding.HierarchySymbol.Semiformula.val FFL.FirstOrder.Language.oRing
                  (@FFL.FirstOrder.Bounding.lt FFL.FirstOrder.Language.oRing
                    (@FFL.FirstOrder.Language.ORing.toLT FFL.FirstOrder.Language.oRing
                      FFL.FirstOrder.Arithmetic.instORingORing))
                  Empty (@OfNat.ofNat Nat (nat_lit 3) (instOfNatNat (nat_lit 3)))
                  (@FFL.FirstOrder.Bounding.HierarchySymbol.mk FFL.FirstOrder.Language.oRing
                    (@FFL.FirstOrder.Bounding.lt FFL.FirstOrder.Language.oRing
                      (@FFL.FirstOrder.Language.ORing.toLT FFL.FirstOrder.Language.oRing
                        FFL.FirstOrder.Arithmetic.instORingORing))
                    (@FFL.SigmaSymbol.sigma FFL.SigmaPiDelta FFL.SigmaPiDelta.instSigmaSymbol)
                    (@OfNat.ofNat Nat (nat_lit 0) (instOfNatNat (nat_lit 0))))
                  FFL.FirstOrder.Arithmetic.znthDef)
                (@Matrix.vecCons
                  (FFL.FirstOrder.Semiterm FFL.FirstOrder.Language.oRing Empty
                    (@HAdd.hAdd Nat Nat Nat (@instHAdd Nat instAddNat)
                      (@HAdd.hAdd Nat Nat Nat (@instHAdd Nat instAddNat)
                        (@HAdd.hAdd Nat Nat Nat (@instHAdd Nat instAddNat)
                          (@OfNat.ofNat Nat (nat_lit 4) (instOfNatNat (nat_lit 4)))
                          (@OfNat.ofNat Nat (nat_lit 1) (instOfNatNat (nat_lit 1))))
                        (@OfNat.ofNat Nat (nat_lit 1) (instOfNatNat (nat_lit 1))))
                      (@OfNat.ofNat Nat (nat_lit 1) (instOfNatNat (nat_lit 1)))))
                  (Nat.succ (@OfNat.ofNat Nat (nat_lit 0) (instOfNatNat (nat_lit 0)))).succ
                  (@FFL.FirstOrder.Semiterm.bvar FFL.FirstOrder.Language.oRing Empty
                    (@HAdd.hAdd Nat Nat Nat (@instHAdd Nat instAddNat)
                      (@HAdd.hAdd Nat Nat Nat (@instHAdd Nat instAddNat)
                        (@HAdd.hAdd Nat Nat Nat (@instHAdd Nat instAddNat)
                          (@OfNat.ofNat Nat (nat_lit 4) (instOfNatNat (nat_lit 4)))
                          (@OfNat.ofNat Nat (nat_lit 1) (instOfNatNat (nat_lit 1))))
                        (@OfNat.ofNat Nat (nat_lit 1) (instOfNatNat (nat_lit 1))))
                      (@OfNat.ofNat Nat (nat_lit 1) (instOfNatNat (nat_lit 1))))
                    (@OfNat.ofNat
                      (Fin
                        (@HAdd.hAdd Nat Nat Nat (@instHAdd Nat instAddNat)
                          (@HAdd.hAdd Nat Nat Nat (@instHAdd Nat instAddNat)
                            (@HAdd.hAdd Nat Nat Nat (@instHAdd Nat instAddNat)
                              (@OfNat.ofNat Nat (nat_lit 4) (instOfNatNat (nat_lit 4)))
                              (@OfNat.ofNat Nat (nat_lit 1) (instOfNatNat (nat_lit 1))))
                            (@OfNat.ofNat Nat (nat_lit 1) (instOfNatNat (nat_lit 1))))
                          (@OfNat.ofNat Nat (nat_lit 1) (instOfNatNat (nat_lit 1)))))
                      (nat_lit 0)
                      (@Fin.instOfNat
                        (@HAdd.hAdd Nat Nat Nat (@instHAdd Nat instAddNat)
                          (@HAdd.hAdd Nat Nat Nat (@instHAdd Nat instAddNat)
                            (@HAdd.hAdd Nat Nat Nat (@instHAdd Nat instAddNat)
                              (@OfNat.ofNat Nat (nat_lit 4) (instOfNatNat (nat_lit 4)))
                              (@OfNat.ofNat Nat (nat_lit 1) (instOfNatNat (nat_lit 1))))
                            (@OfNat.ofNat Nat (nat_lit 1) (instOfNatNat (nat_lit 1))))
                          (@OfNat.ofNat Nat (nat_lit 1) (instOfNatNat (nat_lit 1))))
                        FFL.FirstOrder.Arithmetic.bumpNextDef._proof_3 (nat_lit 0))))
                  (@Matrix.vecCons
                    (FFL.FirstOrder.Semiterm FFL.FirstOrder.Language.oRing Empty
                      (@HAdd.hAdd Nat Nat Nat (@instHAdd Nat instAddNat)
                        (@HAdd.hAdd Nat Nat Nat (@instHAdd Nat instAddNat)
                          (@HAdd.hAdd Nat Nat Nat (@instHAdd Nat instAddNat)
                            (@OfNat.ofNat Nat (nat_lit 4) (instOfNatNat (nat_lit 4)))
                            (@OfNat.ofNat Nat (nat_lit 1) (instOfNatNat (nat_lit 1))))
                          (@OfNat.ofNat Nat (nat_lit 1) (instOfNatNat (nat_lit 1))))
                        (@OfNat.ofNat Nat (nat_lit 1) (instOfNatNat (nat_lit 1)))))
                    (Nat.succ (@OfNat.ofNat Nat (nat_lit 0) (instOfNatNat (nat_lit 0))))
                    (@FFL.FirstOrder.Semiterm.bvar FFL.FirstOrder.Language.oRing Empty
                      (@HAdd.hAdd Nat Nat Nat (@instHAdd Nat instAddNat)
                        (@HAdd.hAdd Nat Nat Nat (@instHAdd Nat instAddNat)
                          (@HAdd.hAdd Nat Nat Nat (@instHAdd Nat instAddNat)
                            (@OfNat.ofNat Nat (nat_lit 4) (instOfNatNat (nat_lit 4)))
                            (@OfNat.ofNat Nat (nat_lit 1) (instOfNatNat (nat_lit 1))))
                          (@OfNat.ofNat Nat (nat_lit 1) (instOfNatNat (nat_lit 1))))
                        (@OfNat.ofNat Nat (nat_lit 1) (instOfNatNat (nat_lit 1))))
                      (@OfNat.ofNat
                        (Fin
                          (@HAdd.hAdd Nat Nat Nat (@instHAdd Nat instAddNat)
                            (@HAdd.hAdd Nat Nat Nat (@instHAdd Nat instAddNat)
                              (@HAdd.hAdd Nat Nat Nat (@instHAdd Nat instAddNat)
                                (@OfNat.ofNat Nat (nat_lit 4) (instOfNatNat (nat_lit 4)))
                                (@OfNat.ofNat Nat (nat_lit 1) (instOfNatNat (nat_lit 1))))
                              (@OfNat.ofNat Nat (nat_lit 1) (instOfNatNat (nat_lit 1))))
                            (@OfNat.ofNat Nat (nat_lit 1) (instOfNatNat (nat_lit 1)))))
                        (nat_lit 6)
                        (@Fin.instOfNat
                          (@HAdd.hAdd Nat Nat Nat (@instHAdd Nat instAddNat)
                            (@HAdd.hAdd Nat Nat Nat (@instHAdd Nat instAddNat)
                              (@HAdd.hAdd Nat Nat Nat (@instHAdd Nat instAddNat)
                                (@OfNat.ofNat Nat (nat_lit 4) (instOfNatNat (nat_lit 4)))
                                (@OfNat.ofNat Nat (nat_lit 1) (instOfNatNat (nat_lit 1))))
                              (@OfNat.ofNat Nat (nat_lit 1) (instOfNatNat (nat_lit 1))))
                            (@OfNat.ofNat Nat (nat_lit 1) (instOfNatNat (nat_lit 1))))
                          FFL.FirstOrder.Arithmetic.bumpNextDef._proof_3 (nat_lit 6))))
                    (@Matrix.vecCons
                      (FFL.FirstOrder.Semiterm FFL.FirstOrder.Language.oRing Empty
                        (@HAdd.hAdd Nat Nat Nat (@instHAdd Nat instAddNat)
                          (@HAdd.hAdd Nat Nat Nat (@instHAdd Nat instAddNat)
                            (@HAdd.hAdd Nat Nat Nat (@instHAdd Nat instAddNat)
                              (@OfNat.ofNat Nat (nat_lit 4) (instOfNatNat (nat_lit 4)))
                              (@OfNat.ofNat Nat (nat_lit 1) (instOfNatNat (nat_lit 1))))
                            (@OfNat.ofNat Nat (nat_lit 1) (instOfNatNat (nat_lit 1))))
                          (@OfNat.ofNat Nat (nat_lit 1) (instOfNatNat (nat_lit 1)))))
                      (@OfNat.ofNat Nat (nat_lit 0) (instOfNatNat (nat_lit 0)))
                      (@FFL.FirstOrder.Semiterm.bvar FFL.FirstOrder.Language.oRing Empty
                        (@HAdd.hAdd Nat Nat Nat (@instHAdd Nat instAddNat)
                          (@HAdd.hAdd Nat Nat Nat (@instHAdd Nat instAddNat)
                            (@HAdd.hAdd Nat Nat Nat (@instHAdd Nat instAddNat)
                              (@OfNat.ofNat Nat (nat_lit 4) (instOfNatNat (nat_lit 4)))
                              (@OfNat.ofNat Nat (nat_lit 1) (instOfNatNat (nat_lit 1))))
                            (@OfNat.ofNat Nat (nat_lit 1) (instOfNatNat (nat_lit 1))))
                          (@OfNat.ofNat Nat (nat_lit 1) (instOfNatNat (nat_lit 1))))
                        (@OfNat.ofNat
                          (Fin
                            (@HAdd.hAdd Nat Nat Nat (@instHAdd Nat instAddNat)
                              (@HAdd.hAdd Nat Nat Nat (@instHAdd Nat instAddNat)
                                (@HAdd.hAdd Nat Nat Nat (@instHAdd Nat instAddNat)
                                  (@OfNat.ofNat Nat (nat_lit 4) (instOfNatNat (nat_lit 4)))
                                  (@OfNat.ofNat Nat (nat_lit 1) (instOfNatNat (nat_lit 1))))
                                (@OfNat.ofNat Nat (nat_lit 1) (instOfNatNat (nat_lit 1))))
                              (@OfNat.ofNat Nat (nat_lit 1) (instOfNatNat (nat_lit 1)))))
                          (nat_lit 2)
                          (@Fin.instOfNat
                            (@HAdd.hAdd Nat Nat Nat (@instHAdd Nat instAddNat)
                              (@HAdd.hAdd Nat Nat Nat (@instHAdd Nat instAddNat)
                                (@HAdd.hAdd Nat Nat Nat (@instHAdd Nat instAddNat)
                                  (@OfNat.ofNat Nat (nat_lit 4) (instOfNatNat (nat_lit 4)))
                                  (@OfNat.ofNat Nat (nat_lit 1) (instOfNatNat (nat_lit 1))))
                                (@OfNat.ofNat Nat (nat_lit 1) (instOfNatNat (nat_lit 1))))
                              (@OfNat.ofNat Nat (nat_lit 1) (instOfNatNat (nat_lit 1))))
                            FFL.FirstOrder.Arithmetic.bumpNextDef._proof_3 (nat_lit 2))))
                      (@Matrix.vecEmpty
                        (FFL.FirstOrder.Semiterm FFL.FirstOrder.Language.oRing Empty
                          (@HAdd.hAdd Nat Nat Nat (@instHAdd Nat instAddNat)
                            (@HAdd.hAdd Nat Nat Nat (@instHAdd Nat instAddNat)
                              (@HAdd.hAdd Nat Nat Nat (@instHAdd Nat instAddNat)
                                (@OfNat.ofNat Nat (nat_lit 4) (instOfNatNat (nat_lit 4)))
                                (@OfNat.ofNat Nat (nat_lit 1) (instOfNatNat (nat_lit 1))))
                              (@OfNat.ofNat Nat (nat_lit 1) (instOfNatNat (nat_lit 1))))
                            (@OfNat.ofNat Nat (nat_lit 1) (instOfNatNat (nat_lit 1))))))))))
              (@FFL.FirstOrder.ExsQuantifier.exs (FFL.FirstOrder.Semiformula FFL.FirstOrder.Language.oRing Empty)
                (@FFL.FirstOrder.Quantifier.toExsQuantifier
                  (FFL.FirstOrder.Semiformula FFL.FirstOrder.Language.oRing Empty)
                  (@FFL.FirstOrder.Semiformula.instQuantifier FFL.FirstOrder.Language.oRing Empty))
                (@HAdd.hAdd Nat Nat Nat (@instHAdd Nat instAddNat)
                  (@HAdd.hAdd Nat Nat Nat (@instHAdd Nat instAddNat)
                    (@HAdd.hAdd Nat Nat Nat (@instHAdd Nat instAddNat)
                      (@OfNat.ofNat Nat (nat_lit 4) (instOfNatNat (nat_lit 4)))
                      (@OfNat.ofNat Nat (nat_lit 1) (instOfNatNat (nat_lit 1))))
                    (@OfNat.ofNat Nat (nat_lit 1) (instOfNatNat (nat_lit 1))))
                  (@OfNat.ofNat Nat (nat_lit 1) (instOfNatNat (nat_lit 1))))
                (@FFL.HWedge.hWedge
                  (FFL.FirstOrder.Semiformula FFL.FirstOrder.Language.oRing Empty
                    (@HAdd.hAdd Nat Nat Nat (@instHAdd Nat instAddNat)
                      (@HAdd.hAdd Nat Nat Nat (@instHAdd Nat instAddNat)
                        (@HAdd.hAdd Nat Nat Nat (@instHAdd Nat instAddNat)
                          (@HAdd.hAdd Nat Nat Nat (@instHAdd Nat instAddNat)
                            (@OfNat.ofNat Nat (nat_lit 4) (instOfNatNat (nat_lit 4)))
                            (@OfNat.ofNat Nat (nat_lit 1) (instOfNatNat (nat_lit 1))))
                          (@OfNat.ofNat Nat (nat_lit 1) (instOfNatNat (nat_lit 1))))
                        (@OfNat.ofNat Nat (nat_lit 1) (instOfNatNat (nat_lit 1))))
                      (@OfNat.ofNat Nat (nat_lit 1) (instOfNatNat (nat_lit 1)))))
                  (FFL.FirstOrder.Semiformula FFL.FirstOrder.Language.oRing Empty
                    (@HAdd.hAdd Nat Nat Nat (@instHAdd Nat instAddNat)
                      (@HAdd.hAdd Nat Nat Nat (@instHAdd Nat instAddNat)
                        (@HAdd.hAdd Nat Nat Nat (@instHAdd Nat instAddNat)
                          (@HAdd.hAdd Nat Nat Nat (@instHAdd Nat instAddNat)
                            (@OfNat.ofNat Nat (nat_lit 4) (instOfNatNat (nat_lit 4)))
                            (@OfNat.ofNat Nat (nat_lit 1) (instOfNatNat (nat_lit 1))))
                          (@OfNat.ofNat Nat (nat_lit 1) (instOfNatNat (nat_lit 1))))
                        (@OfNat.ofNat Nat (nat_lit 1) (instOfNatNat (nat_lit 1))))
                      (@OfNat.ofNat Nat (nat_lit 1) (instOfNatNat (nat_lit 1)))))
                  (FFL.FirstOrder.Semiformula FFL.FirstOrder.Language.oRing Empty
                    (@HAdd.hAdd Nat Nat Nat (@instHAdd Nat instAddNat)
                      (@HAdd.hAdd Nat Nat Nat (@instHAdd Nat instAddNat)
                        (@HAdd.hAdd Nat Nat Nat (@instHAdd Nat instAddNat)
                          (@HAdd.hAdd Nat Nat Nat (@instHAdd Nat instAddNat)
                            (@OfNat.ofNat Nat (nat_lit 4) (instOfNatNat (nat_lit 4)))
                            (@OfNat.ofNat Nat (nat_lit 1) (instOfNatNat (nat_lit 1))))
                          (@OfNat.ofNat Nat (nat_lit 1) (instOfNatNat (nat_lit 1))))
                        (@OfNat.ofNat Nat (nat_lit 1) (instOfNatNat (nat_lit 1))))
                      (@OfNat.ofNat Nat (nat_lit 1) (instOfNatNat (nat_lit 1)))))
                  (@FFL.Wedge.instHWedge
                    (FFL.FirstOrder.Semiformula FFL.FirstOrder.Language.oRing Empty
                      (@HAdd.hAdd Nat Nat Nat (@instHAdd Nat instAddNat)
                        (@HAdd.hAdd Nat Nat Nat (@instHAdd Nat instAddNat)
                          (@HAdd.hAdd Nat Nat Nat (@instHAdd Nat instAddNat)
                            (@HAdd.hAdd Nat Nat Nat (@instHAdd Nat instAddNat)
                              (@OfNat.ofNat Nat (nat_lit 4) (instOfNatNat (nat_lit 4)))
                              (@OfNat.ofNat Nat (nat_lit 1) (instOfNatNat (nat_lit 1))))
                            (@OfNat.ofNat Nat (nat_lit 1) (instOfNatNat (nat_lit 1))))
                          (@OfNat.ofNat Nat (nat_lit 1) (instOfNatNat (nat_lit 1))))
                        (@OfNat.ofNat Nat (nat_lit 1) (instOfNatNat (nat_lit 1)))))
                    (@FFL.LogicalConnective.toWedge
                      (FFL.FirstOrder.Semiformula FFL.FirstOrder.Language.oRing Empty
                        (@HAdd.hAdd Nat Nat Nat (@instHAdd Nat instAddNat)
                          (@HAdd.hAdd Nat Nat Nat (@instHAdd Nat instAddNat)
                            (@HAdd.hAdd Nat Nat Nat (@instHAdd Nat instAddNat)
                              (@HAdd.hAdd Nat Nat Nat (@instHAdd Nat instAddNat)
                                (@OfNat.ofNat Nat (nat_lit 4) (instOfNatNat (nat_lit 4)))
                                (@OfNat.ofNat Nat (nat_lit 1) (instOfNatNat (nat_lit 1))))
                              (@OfNat.ofNat Nat (nat_lit 1) (instOfNatNat (nat_lit 1))))
                            (@OfNat.ofNat Nat (nat_lit 1) (instOfNatNat (nat_lit 1))))
                          (@OfNat.ofNat Nat (nat_lit 1) (instOfNatNat (nat_lit 1)))))
                      (@FFL.FirstOrder.Semiformula.instLogicalConnective FFL.FirstOrder.Language.oRing Empty
                        (@HAdd.hAdd Nat Nat Nat (@instHAdd Nat instAddNat)
                          (@HAdd.hAdd Nat Nat Nat (@instHAdd Nat instAddNat)
                            (@HAdd.hAdd Nat Nat Nat (@instHAdd Nat instAddNat)
                              (@HAdd.hAdd Nat Nat Nat (@instHAdd Nat instAddNat)
                                (@OfNat.ofNat Nat (nat_lit 4) (instOfNatNat (nat_lit 4)))
                                (@OfNat.ofNat Nat (nat_lit 1) (instOfNatNat (nat_lit 1))))
                              (@OfNat.ofNat Nat (nat_lit 1) (instOfNatNat (nat_lit 1))))
                            (@OfNat.ofNat Nat (nat_lit 1) (instOfNatNat (nat_lit 1))))
                          (@OfNat.ofNat Nat (nat_lit 1) (instOfNatNat (nat_lit 1)))))))
                  (@FFL.FirstOrder.Rewriting.subst FFL.FirstOrder.Language.oRing Empty
                    (FFL.FirstOrder.Semiformula FFL.FirstOrder.Language.oRing Empty)
                    (Nat.succ (@OfNat.ofNat Nat (nat_lit 0) (instOfNatNat (nat_lit 0)))).succ.succ
                    (@HAdd.hAdd Nat Nat Nat (@instHAdd Nat instAddNat)
                      (@HAdd.hAdd Nat Nat Nat (@instHAdd Nat instAddNat)
                        (@HAdd.hAdd Nat Nat Nat (@instHAdd Nat instAddNat)
                          (@HAdd.hAdd Nat Nat Nat (@instHAdd Nat instAddNat)
                            (@OfNat.ofNat Nat (nat_lit 4) (instOfNatNat (nat_lit 4)))
                            (@OfNat.ofNat Nat (nat_lit 1) (instOfNatNat (nat_lit 1))))
                          (@OfNat.ofNat Nat (nat_lit 1) (instOfNatNat (nat_lit 1))))
                        (@OfNat.ofNat Nat (nat_lit 1) (instOfNatNat (nat_lit 1))))
                      (@OfNat.ofNat Nat (nat_lit 1) (instOfNatNat (nat_lit 1))))
                    (@FFL.FirstOrder.instLCWQOfQuantifierOfLogicalConnectiveOfLogicalNeutral
                      (FFL.FirstOrder.Semiformula FFL.FirstOrder.Language.oRing Empty)
                      (@FFL.FirstOrder.Semiformula.instQuantifier FFL.FirstOrder.Language.oRing Empty)
                      (@FFL.FirstOrder.Semiformula.instLogicalConnective FFL.FirstOrder.Language.oRing Empty)
                      (@FFL.FirstOrder.Semiformula.instLogicalNeutral FFL.FirstOrder.Language.oRing Empty))
                    (@FFL.FirstOrder.Semiformula.instRewriting FFL.FirstOrder.Language.oRing Empty Empty)
                    (@FFL.FirstOrder.Bounding.HierarchySymbol.Semiformula.val FFL.FirstOrder.Language.oRing
                      (@FFL.FirstOrder.Bounding.lt FFL.FirstOrder.Language.oRing
                        (@FFL.FirstOrder.Language.ORing.toLT FFL.FirstOrder.Language.oRing
                          FFL.FirstOrder.Arithmetic.instORingORing))
                      Empty (@OfNat.ofNat Nat (nat_lit 3) (instOfNatNat (nat_lit 3)))
                      (@FFL.FirstOrder.Bounding.HierarchySymbol.mk FFL.FirstOrder.Language.oRing
                        (@FFL.FirstOrder.Bounding.lt FFL.FirstOrder.Language.oRing
                          (@FFL.FirstOrder.Language.ORing.toLT FFL.FirstOrder.Language.oRing
                            FFL.FirstOrder.Arithmetic.instORingORing))
                        (@FFL.SigmaSymbol.sigma FFL.SigmaPiDelta FFL.SigmaPiDelta.instSigmaSymbol)
                        (@OfNat.ofNat Nat (nat_lit 1) (instOfNatNat (nat_lit 1))))
                      FFL.FirstOrder.Arithmetic.ipowDef)
                    (@Matrix.vecCons
                      (FFL.FirstOrder.Semiterm FFL.FirstOrder.Language.oRing Empty
                        (@HAdd.hAdd Nat Nat Nat (@instHAdd Nat instAddNat)
                          (@HAdd.hAdd Nat Nat Nat (@instHAdd Nat instAddNat)
                            (@HAdd.hAdd Nat Nat Nat (@instHAdd Nat instAddNat)
                              (@HAdd.hAdd Nat Nat Nat (@instHAdd Nat instAddNat)
                                (@OfNat.ofNat Nat (nat_lit 4) (instOfNatNat (nat_lit 4)))
                                (@OfNat.ofNat Nat (nat_lit 1) (instOfNatNat (nat_lit 1))))
                              (@OfNat.ofNat Nat (nat_lit 1) (instOfNatNat (nat_lit 1))))
                            (@OfNat.ofNat Nat (nat_lit 1) (instOfNatNat (nat_lit 1))))
                          (@OfNat.ofNat Nat (nat_lit 1) (instOfNatNat (nat_lit 1)))))
                      (Nat.succ (@OfNat.ofNat Nat (nat_lit 0) (instOfNatNat (nat_lit 0)))).succ
                      (@FFL.FirstOrder.Semiterm.bvar FFL.FirstOrder.Language.oRing Empty
                        (@HAdd.hAdd Nat Nat Nat (@instHAdd Nat instAddNat)
                          (@HAdd.hAdd Nat Nat Nat (@instHAdd Nat instAddNat)
                            (@HAdd.hAdd Nat Nat Nat (@instHAdd Nat instAddNat)
                              (@HAdd.hAdd Nat Nat Nat (@instHAdd Nat instAddNat)
                                (@OfNat.ofNat Nat (nat_lit 4) (instOfNatNat (nat_lit 4)))
                                (@OfNat.ofNat Nat (nat_lit 1) (instOfNatNat (nat_lit 1))))
                              (@OfNat.ofNat Nat (nat_lit 1) (instOfNatNat (nat_lit 1))))
                            (@OfNat.ofNat Nat (nat_lit 1) (instOfNatNat (nat_lit 1))))
                          (@OfNat.ofNat Nat (nat_lit 1) (instOfNatNat (nat_lit 1))))
                        (@OfNat.ofNat
                          (Fin
                            (@HAdd.hAdd Nat Nat Nat (@instHAdd Nat instAddNat)
                              (@HAdd.hAdd Nat Nat Nat (@instHAdd Nat instAddNat)
                                (@HAdd.hAdd Nat Nat Nat (@instHAdd Nat instAddNat)
                                  (@HAdd.hAdd Nat Nat Nat (@instHAdd Nat instAddNat)
                                    (@OfNat.ofNat Nat (nat_lit 4) (instOfNatNat (nat_lit 4)))
                                    (@OfNat.ofNat Nat (nat_lit 1) (instOfNatNat (nat_lit 1))))
                                  (@OfNat.ofNat Nat (nat_lit 1) (instOfNatNat (nat_lit 1))))
                                (@OfNat.ofNat Nat (nat_lit 1) (instOfNatNat (nat_lit 1))))
                              (@OfNat.ofNat Nat (nat_lit 1) (instOfNatNat (nat_lit 1)))))
                          (nat_lit 0)
                          (@Fin.instOfNat
                            (@HAdd.hAdd Nat Nat Nat (@instHAdd Nat instAddNat)
                              (@HAdd.hAdd Nat Nat Nat (@instHAdd Nat instAddNat)
                                (@HAdd.hAdd Nat Nat Nat (@instHAdd Nat instAddNat)
                                  (@HAdd.hAdd Nat Nat Nat (@instHAdd Nat instAddNat)
                                    (@OfNat.ofNat Nat (nat_lit 4) (instOfNatNat (nat_lit 4)))
                                    (@OfNat.ofNat Nat (nat_lit 1) (instOfNatNat (nat_lit 1))))
                                  (@OfNat.ofNat Nat (nat_lit 1) (instOfNatNat (nat_lit 1))))
                                (@OfNat.ofNat Nat (nat_lit 1) (instOfNatNat (nat_lit 1))))
                              (@OfNat.ofNat Nat (nat_lit 1) (instOfNatNat (nat_lit 1))))
                            FFL.FirstOrder.Arithmetic.bumpNextDef._proof_4 (nat_lit 0))))
                      (@Matrix.vecCons
                        (FFL.FirstOrder.Semiterm FFL.FirstOrder.Language.oRing Empty
                          (@HAdd.hAdd Nat Nat Nat (@instHAdd Nat instAddNat)
                            (@HAdd.hAdd Nat Nat Nat (@instHAdd Nat instAddNat)
                              (@HAdd.hAdd Nat Nat Nat (@instHAdd Nat instAddNat)
                                (@HAdd.hAdd Nat Nat Nat (@instHAdd Nat instAddNat)
                                  (@OfNat.ofNat Nat (nat_lit 4) (instOfNatNat (nat_lit 4)))
                                  (@OfNat.ofNat Nat (nat_lit 1) (instOfNatNat (nat_lit 1))))
                                (@OfNat.ofNat Nat (nat_lit 1) (instOfNatNat (nat_lit 1))))
                              (@OfNat.ofNat Nat (nat_lit 1) (instOfNatNat (nat_lit 1))))
                            (@OfNat.ofNat Nat (nat_lit 1) (instOfNatNat (nat_lit 1)))))
                        (Nat.succ (@OfNat.ofNat Nat (nat_lit 0) (instOfNatNat (nat_lit 0))))
                        (@FFL.FirstOrder.Semiterm.Operator.operator FFL.FirstOrder.Language.oRing Empty
                          (@HAdd.hAdd Nat Nat Nat (@instHAdd Nat instAddNat)
                            (@HAdd.hAdd Nat Nat Nat (@instHAdd Nat instAddNat)
                              (@HAdd.hAdd Nat Nat Nat (@instHAdd Nat instAddNat)
                                (@HAdd.hAdd Nat Nat Nat (@instHAdd Nat instAddNat)
                                  (@OfNat.ofNat Nat (nat_lit 4) (instOfNatNat (nat_lit 4)))
                                  (@OfNat.ofNat Nat (nat_lit 1) (instOfNatNat (nat_lit 1))))
                                (@OfNat.ofNat Nat (nat_lit 1) (instOfNatNat (nat_lit 1))))
                              (@OfNat.ofNat Nat (nat_lit 1) (instOfNatNat (nat_lit 1))))
                            (@OfNat.ofNat Nat (nat_lit 1) (instOfNatNat (nat_lit 1))))
                          (@OfNat.ofNat Nat (nat_lit 2) (instOfNatNat (nat_lit 2)))
                          (@FFL.FirstOrder.Semiterm.Operator.Add.add FFL.FirstOrder.Language.oRing
                            (@FFL.FirstOrder.Semiterm.Operator.instAddOfAdd FFL.FirstOrder.Language.oRing
                              (@FFL.FirstOrder.Language.ORing.toAdd FFL.FirstOrder.Language.oRing
                                FFL.FirstOrder.Arithmetic.instORingORing)))
                          (@Matrix.vecCons
                            (FFL.FirstOrder.Semiterm FFL.FirstOrder.Language.oRing Empty
                              (@HAdd.hAdd Nat Nat Nat (@instHAdd Nat instAddNat)
                                (@HAdd.hAdd Nat Nat Nat (@instHAdd Nat instAddNat)
                                  (@HAdd.hAdd Nat Nat Nat (@instHAdd Nat instAddNat)
                                    (@HAdd.hAdd Nat Nat Nat (@instHAdd Nat instAddNat)
                                      (@OfNat.ofNat Nat (nat_lit 4) (instOfNatNat (nat_lit 4)))
                                      (@OfNat.ofNat Nat (nat_lit 1) (instOfNatNat (nat_lit 1))))
                                    (@OfNat.ofNat Nat (nat_lit 1) (instOfNatNat (nat_lit 1))))
                                  (@OfNat.ofNat Nat (nat_lit 1) (instOfNatNat (nat_lit 1))))
                                (@OfNat.ofNat Nat (nat_lit 1) (instOfNatNat (nat_lit 1)))))
                            (@OfNat.ofNat Nat (nat_lit 1) (instOfNatNat (nat_lit 1)))
                            (@FFL.FirstOrder.Semiterm.bvar FFL.FirstOrder.Language.oRing Empty
                              (@HAdd.hAdd Nat Nat Nat (@instHAdd Nat instAddNat)
                                (@HAdd.hAdd Nat Nat Nat (@instHAdd Nat instAddNat)
                                  (@HAdd.hAdd Nat Nat Nat (@instHAdd Nat instAddNat)
                                    (@HAdd.hAdd Nat Nat Nat (@instHAdd Nat instAddNat)
                                      (@OfNat.ofNat Nat (nat_lit 4) (instOfNatNat (nat_lit 4)))
                                      (@OfNat.ofNat Nat (nat_lit 1) (instOfNatNat (nat_lit 1))))
                                    (@OfNat.ofNat Nat (nat_lit 1) (instOfNatNat (nat_lit 1))))
                                  (@OfNat.ofNat Nat (nat_lit 1) (instOfNatNat (nat_lit 1))))
                                (@OfNat.ofNat Nat (nat_lit 1) (instOfNatNat (nat_lit 1))))
                              (@OfNat.ofNat
                                (Fin
                                  (@HAdd.hAdd Nat Nat Nat (@instHAdd Nat instAddNat)
                                    (@HAdd.hAdd Nat Nat Nat (@instHAdd Nat instAddNat)
                                      (@HAdd.hAdd Nat Nat Nat (@instHAdd Nat instAddNat)
                                        (@HAdd.hAdd Nat Nat Nat (@instHAdd Nat instAddNat)
                                          (@OfNat.ofNat Nat (nat_lit 4) (instOfNatNat (nat_lit 4)))
                                          (@OfNat.ofNat Nat (nat_lit 1) (instOfNatNat (nat_lit 1))))
                                        (@OfNat.ofNat Nat (nat_lit 1) (instOfNatNat (nat_lit 1))))
                                      (@OfNat.ofNat Nat (nat_lit 1) (instOfNatNat (nat_lit 1))))
                                    (@OfNat.ofNat Nat (nat_lit 1) (instOfNatNat (nat_lit 1)))))
                                (nat_lit 5)
                                (@Fin.instOfNat
                                  (@HAdd.hAdd Nat Nat Nat (@instHAdd Nat instAddNat)
                                    (@HAdd.hAdd Nat Nat Nat (@instHAdd Nat instAddNat)
                                      (@HAdd.hAdd Nat Nat Nat (@instHAdd Nat instAddNat)
                                        (@HAdd.hAdd Nat Nat Nat (@instHAdd Nat instAddNat)
                                          (@OfNat.ofNat Nat (nat_lit 4) (instOfNatNat (nat_lit 4)))
                                          (@OfNat.ofNat Nat (nat_lit 1) (instOfNatNat (nat_lit 1))))
                                        (@OfNat.ofNat Nat (nat_lit 1) (instOfNatNat (nat_lit 1))))
                                      (@OfNat.ofNat Nat (nat_lit 1) (instOfNatNat (nat_lit 1))))
                                    (@OfNat.ofNat Nat (nat_lit 1) (instOfNatNat (nat_lit 1))))
                                  FFL.FirstOrder.Arithmetic.bumpNextDef._proof_4 (nat_lit 5))))
                            (@Matrix.vecCons
                              (FFL.FirstOrder.Semiterm FFL.FirstOrder.Language.oRing Empty
                                (@HAdd.hAdd Nat Nat Nat (@instHAdd Nat instAddNat)
                                  (@HAdd.hAdd Nat Nat Nat (@instHAdd Nat instAddNat)
                                    (@HAdd.hAdd Nat Nat Nat (@instHAdd Nat instAddNat)
                                      (@HAdd.hAdd Nat Nat Nat (@instHAdd Nat instAddNat)
                                        (@OfNat.ofNat Nat (nat_lit 4) (instOfNatNat (nat_lit 4)))
                                        (@OfNat.ofNat Nat (nat_lit 1) (instOfNatNat (nat_lit 1))))
                                      (@OfNat.ofNat Nat (nat_lit 1) (instOfNatNat (nat_lit 1))))
                                    (@OfNat.ofNat Nat (nat_lit 1) (instOfNatNat (nat_lit 1))))
                                  (@OfNat.ofNat Nat (nat_lit 1) (instOfNatNat (nat_lit 1)))))
                              (@OfNat.ofNat Nat (nat_lit 0) (instOfNatNat (nat_lit 0)))
                              (@FFL.FirstOrder.Semiterm.numeral FFL.FirstOrder.Language.oRing
                                (@FFL.FirstOrder.Language.ORing.toZero FFL.FirstOrder.Language.oRing
                                  FFL.FirstOrder.Arithmetic.instORingORing)
                                (@FFL.FirstOrder.Language.ORing.toOne FFL.FirstOrder.Language.oRing
                                  FFL.FirstOrder.Arithmetic.instORingORing)
                                (@FFL.FirstOrder.Language.ORing.toAdd FFL.FirstOrder.Language.oRing
                                  FFL.FirstOrder.Arithmetic.instORingORing)
                                Empty
                                (@HAdd.hAdd Nat Nat Nat (@instHAdd Nat instAddNat)
                                  (@HAdd.hAdd Nat Nat Nat (@instHAdd Nat instAddNat)
                                    (@HAdd.hAdd Nat Nat Nat (@instHAdd Nat instAddNat)
                                      (@HAdd.hAdd Nat Nat Nat (@instHAdd Nat instAddNat)
                                        (@OfNat.ofNat Nat (nat_lit 4) (instOfNatNat (nat_lit 4)))
                                        (@OfNat.ofNat Nat (nat_lit 1) (instOfNatNat (nat_lit 1))))
                                      (@OfNat.ofNat Nat (nat_lit 1) (instOfNatNat (nat_lit 1))))
                                    (@OfNat.ofNat Nat (nat_lit 1) (instOfNatNat (nat_lit 1))))
                                  (@OfNat.ofNat Nat (nat_lit 1) (instOfNatNat (nat_lit 1))))
                                (@OfNat.ofNat Nat (nat_lit 1) (instOfNatNat (nat_lit 1))))
                              (@Matrix.vecEmpty
                                (FFL.FirstOrder.Semiterm FFL.FirstOrder.Language.oRing Empty
                                  (@HAdd.hAdd Nat Nat Nat (@instHAdd Nat instAddNat)
                                    (@HAdd.hAdd Nat Nat Nat (@instHAdd Nat instAddNat)
                                      (@HAdd.hAdd Nat Nat Nat (@instHAdd Nat instAddNat)
                                        (@HAdd.hAdd Nat Nat Nat (@instHAdd Nat instAddNat)
                                          (@OfNat.ofNat Nat (nat_lit 4) (instOfNatNat (nat_lit 4)))
                                          (@OfNat.ofNat Nat (nat_lit 1) (instOfNatNat (nat_lit 1))))
                                        (@OfNat.ofNat Nat (nat_lit 1) (instOfNatNat (nat_lit 1))))
                                      (@OfNat.ofNat Nat (nat_lit 1) (instOfNatNat (nat_lit 1))))
                                    (@OfNat.ofNat Nat (nat_lit 1) (instOfNatNat (nat_lit 1)))))))))
                        (@Matrix.vecCons
                          (FFL.FirstOrder.Semiterm FFL.FirstOrder.Language.oRing Empty
                            (@HAdd.hAdd Nat Nat Nat (@instHAdd Nat instAddNat)
                              (@HAdd.hAdd Nat Nat Nat (@instHAdd Nat instAddNat)
                                (@HAdd.hAdd Nat Nat Nat (@instHAdd Nat instAddNat)
                                  (@HAdd.hAdd Nat Nat Nat (@instHAdd Nat instAddNat)
                                    (@OfNat.ofNat Nat (nat_lit 4) (instOfNatNat (nat_lit 4)))
                                    (@OfNat.ofNat Nat (nat_lit 1) (instOfNatNat (nat_lit 1))))
                                  (@OfNat.ofNat Nat (nat_lit 1) (instOfNatNat (nat_lit 1))))
                                (@OfNat.ofNat Nat (nat_lit 1) (instOfNatNat (nat_lit 1))))
                              (@OfNat.ofNat Nat (nat_lit 1) (instOfNatNat (nat_lit 1)))))
                          (@OfNat.ofNat Nat (nat_lit 0) (instOfNatNat (nat_lit 0)))
                          (@FFL.FirstOrder.Semiterm.bvar FFL.FirstOrder.Language.oRing Empty
                            (@HAdd.hAdd Nat Nat Nat (@instHAdd Nat instAddNat)
                              (@HAdd.hAdd Nat Nat Nat (@instHAdd Nat instAddNat)
                                (@HAdd.hAdd Nat Nat Nat (@instHAdd Nat instAddNat)
                                  (@HAdd.hAdd Nat Nat Nat (@instHAdd Nat instAddNat)
                                    (@OfNat.ofNat Nat (nat_lit 4) (instOfNatNat (nat_lit 4)))
                                    (@OfNat.ofNat Nat (nat_lit 1) (instOfNatNat (nat_lit 1))))
                                  (@OfNat.ofNat Nat (nat_lit 1) (instOfNatNat (nat_lit 1))))
                                (@OfNat.ofNat Nat (nat_lit 1) (instOfNatNat (nat_lit 1))))
                              (@OfNat.ofNat Nat (nat_lit 1) (instOfNatNat (nat_lit 1))))
                            (@OfNat.ofNat
                              (Fin
                                (@HAdd.hAdd Nat Nat Nat (@instHAdd Nat instAddNat)
                                  (@HAdd.hAdd Nat Nat Nat (@instHAdd Nat instAddNat)
                                    (@HAdd.hAdd Nat Nat Nat (@instHAdd Nat instAddNat)
                                      (@HAdd.hAdd Nat Nat Nat (@instHAdd Nat instAddNat)
                                        (@OfNat.ofNat Nat (nat_lit 4) (instOfNatNat (nat_lit 4)))
                                        (@OfNat.ofNat Nat (nat_lit 1) (instOfNatNat (nat_lit 1))))
                                      (@OfNat.ofNat Nat (nat_lit 1) (instOfNatNat (nat_lit 1))))
                                    (@OfNat.ofNat Nat (nat_lit 1) (instOfNatNat (nat_lit 1))))
                                  (@OfNat.ofNat Nat (nat_lit 1) (instOfNatNat (nat_lit 1)))))
                              (nat_lit 1)
                              (@Fin.instOfNat
                                (@HAdd.hAdd Nat Nat Nat (@instHAdd Nat instAddNat)
                                  (@HAdd.hAdd Nat Nat Nat (@instHAdd Nat instAddNat)
                                    (@HAdd.hAdd Nat Nat Nat (@instHAdd Nat instAddNat)
                                      (@HAdd.hAdd Nat Nat Nat (@instHAdd Nat instAddNat)
                                        (@OfNat.ofNat Nat (nat_lit 4) (instOfNatNat (nat_lit 4)))
                                        (@OfNat.ofNat Nat (nat_lit 1) (instOfNatNat (nat_lit 1))))
                                      (@OfNat.ofNat Nat (nat_lit 1) (instOfNatNat (nat_lit 1))))
                                    (@OfNat.ofNat Nat (nat_lit 1) (instOfNatNat (nat_lit 1))))
                                  (@OfNat.ofNat Nat (nat_lit 1) (instOfNatNat (nat_lit 1))))
                                FFL.FirstOrder.Arithmetic.bumpNextDef._proof_4 (nat_lit 1))))
                          (@Matrix.vecEmpty
                            (FFL.FirstOrder.Semiterm FFL.FirstOrder.Language.oRing Empty
                              (@HAdd.hAdd Nat Nat Nat (@instHAdd Nat instAddNat)
                                (@HAdd.hAdd Nat Nat Nat (@instHAdd Nat instAddNat)
                                  (@HAdd.hAdd Nat Nat Nat (@instHAdd Nat instAddNat)
                                    (@HAdd.hAdd Nat Nat Nat (@instHAdd Nat instAddNat)
                                      (@OfNat.ofNat Nat (nat_lit 4) (instOfNatNat (nat_lit 4)))
                                      (@OfNat.ofNat Nat (nat_lit 1) (instOfNatNat (nat_lit 1))))
                                    (@OfNat.ofNat Nat (nat_lit 1) (instOfNatNat (nat_lit 1))))
                                  (@OfNat.ofNat Nat (nat_lit 1) (instOfNatNat (nat_lit 1))))
                                (@OfNat.ofNat Nat (nat_lit 1) (instOfNatNat (nat_lit 1))))))))))
                  (@FFL.FirstOrder.ExsQuantifier.exs (FFL.FirstOrder.Semiformula FFL.FirstOrder.Language.oRing Empty)
                    (@FFL.FirstOrder.Quantifier.toExsQuantifier
                      (FFL.FirstOrder.Semiformula FFL.FirstOrder.Language.oRing Empty)
                      (@FFL.FirstOrder.Semiformula.instQuantifier FFL.FirstOrder.Language.oRing Empty))
                    (@HAdd.hAdd Nat Nat Nat (@instHAdd Nat instAddNat)
                      (@HAdd.hAdd Nat Nat Nat (@instHAdd Nat instAddNat)
                        (@HAdd.hAdd Nat Nat Nat (@instHAdd Nat instAddNat)
                          (@HAdd.hAdd Nat Nat Nat (@instHAdd Nat instAddNat)
                            (@OfNat.ofNat Nat (nat_lit 4) (instOfNatNat (nat_lit 4)))
                            (@OfNat.ofNat Nat (nat_lit 1) (instOfNatNat (nat_lit 1))))
                          (@OfNat.ofNat Nat (nat_lit 1) (instOfNatNat (nat_lit 1))))
                        (@OfNat.ofNat Nat (nat_lit 1) (instOfNatNat (nat_lit 1))))
                      (@OfNat.ofNat Nat (nat_lit 1) (instOfNatNat (nat_lit 1))))
                    (@FFL.HWedge.hWedge
                      (FFL.FirstOrder.Semiformula FFL.FirstOrder.Language.oRing Empty
                        (@HAdd.hAdd Nat Nat Nat (@instHAdd Nat instAddNat)
                          (@HAdd.hAdd Nat Nat Nat (@instHAdd Nat instAddNat)
                            (@HAdd.hAdd Nat Nat Nat (@instHAdd Nat instAddNat)
                              (@HAdd.hAdd Nat Nat Nat (@instHAdd Nat instAddNat)
                                (@HAdd.hAdd Nat Nat Nat (@instHAdd Nat instAddNat)
                                  (@OfNat.ofNat Nat (nat_lit 4) (instOfNatNat (nat_lit 4)))
                                  (@OfNat.ofNat Nat (nat_lit 1) (instOfNatNat (nat_lit 1))))
                                (@OfNat.ofNat Nat (nat_lit 1) (instOfNatNat (nat_lit 1))))
                              (@OfNat.ofNat Nat (nat_lit 1) (instOfNatNat (nat_lit 1))))
                            (@OfNat.ofNat Nat (nat_lit 1) (instOfNatNat (nat_lit 1))))
                          (@OfNat.ofNat Nat (nat_lit 1) (instOfNatNat (nat_lit 1)))))
                      (FFL.FirstOrder.Semiformula FFL.FirstOrder.Language.oRing Empty
                        (@HAdd.hAdd Nat Nat Nat (@instHAdd Nat instAddNat)
                          (@HAdd.hAdd Nat Nat Nat (@instHAdd Nat instAddNat)
                            (@HAdd.hAdd Nat Nat Nat (@instHAdd Nat instAddNat)
                              (@HAdd.hAdd Nat Nat Nat (@instHAdd Nat instAddNat)
                                (@HAdd.hAdd Nat Nat Nat (@instHAdd Nat instAddNat)
                                  (@OfNat.ofNat Nat (nat_lit 4) (instOfNatNat (nat_lit 4)))
                                  (@OfNat.ofNat Nat (nat_lit 1) (instOfNatNat (nat_lit 1))))
                                (@OfNat.ofNat Nat (nat_lit 1) (instOfNatNat (nat_lit 1))))
                              (@OfNat.ofNat Nat (nat_lit 1) (instOfNatNat (nat_lit 1))))
                            (@OfNat.ofNat Nat (nat_lit 1) (instOfNatNat (nat_lit 1))))
                          (@OfNat.ofNat Nat (nat_lit 1) (instOfNatNat (nat_lit 1)))))
                      (FFL.FirstOrder.Semiformula FFL.FirstOrder.Language.oRing Empty
                        (@HAdd.hAdd Nat Nat Nat (@instHAdd Nat instAddNat)
                          (@HAdd.hAdd Nat Nat Nat (@instHAdd Nat instAddNat)
                            (@HAdd.hAdd Nat Nat Nat (@instHAdd Nat instAddNat)
                              (@HAdd.hAdd Nat Nat Nat (@instHAdd Nat instAddNat)
                                (@HAdd.hAdd Nat Nat Nat (@instHAdd Nat instAddNat)
                                  (@OfNat.ofNat Nat (nat_lit 4) (instOfNatNat (nat_lit 4)))
                                  (@OfNat.ofNat Nat (nat_lit 1) (instOfNatNat (nat_lit 1))))
                                (@OfNat.ofNat Nat (nat_lit 1) (instOfNatNat (nat_lit 1))))
                              (@OfNat.ofNat Nat (nat_lit 1) (instOfNatNat (nat_lit 1))))
                            (@OfNat.ofNat Nat (nat_lit 1) (instOfNatNat (nat_lit 1))))
                          (@OfNat.ofNat Nat (nat_lit 1) (instOfNatNat (nat_lit 1)))))
                      (@FFL.Wedge.instHWedge
                        (FFL.FirstOrder.Semiformula FFL.FirstOrder.Language.oRing Empty
                          (@HAdd.hAdd Nat Nat Nat (@instHAdd Nat instAddNat)
                            (@HAdd.hAdd Nat Nat Nat (@instHAdd Nat instAddNat)
                              (@HAdd.hAdd Nat Nat Nat (@instHAdd Nat instAddNat)
                                (@HAdd.hAdd Nat Nat Nat (@instHAdd Nat instAddNat)
                                  (@HAdd.hAdd Nat Nat Nat (@instHAdd Nat instAddNat)
                                    (@OfNat.ofNat Nat (nat_lit 4) (instOfNatNat (nat_lit 4)))
                                    (@OfNat.ofNat Nat (nat_lit 1) (instOfNatNat (nat_lit 1))))
                                  (@OfNat.ofNat Nat (nat_lit 1) (instOfNatNat (nat_lit 1))))
                                (@OfNat.ofNat Nat (nat_lit 1) (instOfNatNat (nat_lit 1))))
                              (@OfNat.ofNat Nat (nat_lit 1) (instOfNatNat (nat_lit 1))))
                            (@OfNat.ofNat Nat (nat_lit 1) (instOfNatNat (nat_lit 1)))))
                        (@FFL.LogicalConnective.toWedge
                          (FFL.FirstOrder.Semiformula FFL.FirstOrder.Language.oRing Empty
                            (@HAdd.hAdd Nat Nat Nat (@instHAdd Nat instAddNat)
                              (@HAdd.hAdd Nat Nat Nat (@instHAdd Nat instAddNat)
                                (@HAdd.hAdd Nat Nat Nat (@instHAdd Nat instAddNat)
                                  (@HAdd.hAdd Nat Nat Nat (@instHAdd Nat instAddNat)
                                    (@HAdd.hAdd Nat Nat Nat (@instHAdd Nat instAddNat)
                                      (@OfNat.ofNat Nat (nat_lit 4) (instOfNatNat (nat_lit 4)))
                                      (@OfNat.ofNat Nat (nat_lit 1) (instOfNatNat (nat_lit 1))))
                                    (@OfNat.ofNat Nat (nat_lit 1) (instOfNatNat (nat_lit 1))))
                                  (@OfNat.ofNat Nat (nat_lit 1) (instOfNatNat (nat_lit 1))))
                                (@OfNat.ofNat Nat (nat_lit 1) (instOfNatNat (nat_lit 1))))
                              (@OfNat.ofNat Nat (nat_lit 1) (instOfNatNat (nat_lit 1)))))
                          (@FFL.FirstOrder.Semiformula.instLogicalConnective FFL.FirstOrder.Language.oRing Empty
                            (@HAdd.hAdd Nat Nat Nat (@instHAdd Nat instAddNat)
                              (@HAdd.hAdd Nat Nat Nat (@instHAdd Nat instAddNat)
                                (@HAdd.hAdd Nat Nat Nat (@instHAdd Nat instAddNat)
                                  (@HAdd.hAdd Nat Nat Nat (@instHAdd Nat instAddNat)
                                    (@HAdd.hAdd Nat Nat Nat (@instHAdd Nat instAddNat)
                                      (@OfNat.ofNat Nat (nat_lit 4) (instOfNatNat (nat_lit 4)))
                                      (@OfNat.ofNat Nat (nat_lit 1) (instOfNatNat (nat_lit 1))))
                                    (@OfNat.ofNat Nat (nat_lit 1) (instOfNatNat (nat_lit 1))))
                                  (@OfNat.ofNat Nat (nat_lit 1) (instOfNatNat (nat_lit 1))))
                                (@OfNat.ofNat Nat (nat_lit 1) (instOfNatNat (nat_lit 1))))
                              (@OfNat.ofNat Nat (nat_lit 1) (instOfNatNat (nat_lit 1)))))))
                      (@FFL.FirstOrder.Rewriting.subst FFL.FirstOrder.Language.oRing Empty
                        (FFL.FirstOrder.Semiformula FFL.FirstOrder.Language.oRing Empty)
                        (Nat.succ (@OfNat.ofNat Nat (nat_lit 0) (instOfNatNat (nat_lit 0)))).succ.succ
                        (@HAdd.hAdd Nat Nat Nat (@instHAdd Nat instAddNat)
                          (@HAdd.hAdd Nat Nat Nat (@instHAdd Nat instAddNat)
                            (@HAdd.hAdd Nat Nat Nat (@instHAdd Nat instAddNat)
                              (@HAdd.hAdd Nat Nat Nat (@instHAdd Nat instAddNat)
                                (@HAdd.hAdd Nat Nat Nat (@instHAdd Nat instAddNat)
                                  (@OfNat.ofNat Nat (nat_lit 4) (instOfNatNat (nat_lit 4)))
                                  (@OfNat.ofNat Nat (nat_lit 1) (instOfNatNat (nat_lit 1))))
                                (@OfNat.ofNat Nat (nat_lit 1) (instOfNatNat (nat_lit 1))))
                              (@OfNat.ofNat Nat (nat_lit 1) (instOfNatNat (nat_lit 1))))
                            (@OfNat.ofNat Nat (nat_lit 1) (instOfNatNat (nat_lit 1))))
                          (@OfNat.ofNat Nat (nat_lit 1) (instOfNatNat (nat_lit 1))))
                        (@FFL.FirstOrder.instLCWQOfQuantifierOfLogicalConnectiveOfLogicalNeutral
                          (FFL.FirstOrder.Semiformula FFL.FirstOrder.Language.oRing Empty)
                          (@FFL.FirstOrder.Semiformula.instQuantifier FFL.FirstOrder.Language.oRing Empty)
                          (@FFL.FirstOrder.Semiformula.instLogicalConnective FFL.FirstOrder.Language.oRing Empty)
                          (@FFL.FirstOrder.Semiformula.instLogicalNeutral FFL.FirstOrder.Language.oRing Empty))
                        (@FFL.FirstOrder.Semiformula.instRewriting FFL.FirstOrder.Language.oRing Empty Empty)
                        (@FFL.FirstOrder.Bounding.HierarchySymbol.Semiformula.val FFL.FirstOrder.Language.oRing
                          (@FFL.FirstOrder.Bounding.lt FFL.FirstOrder.Language.oRing
                            (@FFL.FirstOrder.Language.ORing.toLT FFL.FirstOrder.Language.oRing
                              FFL.FirstOrder.Arithmetic.instORingORing))
                          Empty (@OfNat.ofNat Nat (nat_lit 3) (instOfNatNat (nat_lit 3)))
                          (@FFL.FirstOrder.Bounding.HierarchySymbol.mk FFL.FirstOrder.Language.oRing
                            (@FFL.FirstOrder.Bounding.lt FFL.FirstOrder.Language.oRing
                              (@FFL.FirstOrder.Language.ORing.toLT FFL.FirstOrder.Language.oRing
                                FFL.FirstOrder.Arithmetic.instORingORing))
                            (@FFL.SigmaSymbol.sigma FFL.SigmaPiDelta FFL.SigmaPiDelta.instSigmaSymbol)
                            (@OfNat.ofNat Nat (nat_lit 0) (instOfNatNat (nat_lit 0))))
                          FFL.FirstOrder.Arithmetic.divDef)
                        (@Matrix.vecCons
                          (FFL.FirstOrder.Semiterm FFL.FirstOrder.Language.oRing Empty
                            (@HAdd.hAdd Nat Nat Nat (@instHAdd Nat instAddNat)
                              (@HAdd.hAdd Nat Nat Nat (@instHAdd Nat instAddNat)
                                (@HAdd.hAdd Nat Nat Nat (@instHAdd Nat instAddNat)
                                  (@HAdd.hAdd Nat Nat Nat (@instHAdd Nat instAddNat)
                                    (@HAdd.hAdd Nat Nat Nat (@instHAdd Nat instAddNat)
                                      (@OfNat.ofNat Nat (nat_lit 4) (instOfNatNat (nat_lit 4)))
                                      (@OfNat.ofNat Nat (nat_lit 1) (instOfNatNat (nat_lit 1))))
                                    (@OfNat.ofNat Nat (nat_lit 1) (instOfNatNat (nat_lit 1))))
                                  (@OfNat.ofNat Nat (nat_lit 1) (instOfNatNat (nat_lit 1))))
                                (@OfNat.ofNat Nat (nat_lit 1) (instOfNatNat (nat_lit 1))))
                              (@OfNat.ofNat Nat (nat_lit 1) (instOfNatNat (nat_lit 1)))))
                          (Nat.succ (@OfNat.ofNat Nat (nat_lit 0) (instOfNatNat (nat_lit 0)))).succ
                          (@FFL.FirstOrder.Semiterm.bvar FFL.FirstOrder.Language.oRing Empty
                            (@HAdd.hAdd Nat Nat Nat (@instHAdd Nat instAddNat)
                              (@HAdd.hAdd Nat Nat Nat (@instHAdd Nat instAddNat)
                                (@HAdd.hAdd Nat Nat Nat (@instHAdd Nat instAddNat)
                                  (@HAdd.hAdd Nat Nat Nat (@instHAdd Nat instAddNat)
                                    (@HAdd.hAdd Nat Nat Nat (@instHAdd Nat instAddNat)
                                      (@OfNat.ofNat Nat (nat_lit 4) (instOfNatNat (nat_lit 4)))
                                      (@OfNat.ofNat Nat (nat_lit 1) (instOfNatNat (nat_lit 1))))
                                    (@OfNat.ofNat Nat (nat_lit 1) (instOfNatNat (nat_lit 1))))
                                  (@OfNat.ofNat Nat (nat_lit 1) (instOfNatNat (nat_lit 1))))
                                (@OfNat.ofNat Nat (nat_lit 1) (instOfNatNat (nat_lit 1))))
                              (@OfNat.ofNat Nat (nat_lit 1) (instOfNatNat (nat_lit 1))))
                            (@OfNat.ofNat
                              (Fin
                                (@HAdd.hAdd Nat Nat Nat (@instHAdd Nat instAddNat)
                                  (@HAdd.hAdd Nat Nat Nat (@instHAdd Nat instAddNat)
                                    (@HAdd.hAdd Nat Nat Nat (@instHAdd Nat instAddNat)
                                      (@HAdd.hAdd Nat Nat Nat (@instHAdd Nat instAddNat)
                                        (@HAdd.hAdd Nat Nat Nat (@instHAdd Nat instAddNat)
                                          (@OfNat.ofNat Nat (nat_lit 4) (instOfNatNat (nat_lit 4)))
                                          (@OfNat.ofNat Nat (nat_lit 1) (instOfNatNat (nat_lit 1))))
                                        (@OfNat.ofNat Nat (nat_lit 1) (instOfNatNat (nat_lit 1))))
                                      (@OfNat.ofNat Nat (nat_lit 1) (instOfNatNat (nat_lit 1))))
                                    (@OfNat.ofNat Nat (nat_lit 1) (instOfNatNat (nat_lit 1))))
                                  (@OfNat.ofNat Nat (nat_lit 1) (instOfNatNat (nat_lit 1)))))
                              (nat_lit 0)
                              (@Fin.instOfNat
                                (@HAdd.hAdd Nat Nat Nat (@instHAdd Nat instAddNat)
                                  (@HAdd.hAdd Nat Nat Nat (@instHAdd Nat instAddNat)
                                    (@HAdd.hAdd Nat Nat Nat (@instHAdd Nat instAddNat)
                                      (@HAdd.hAdd Nat Nat Nat (@instHAdd Nat instAddNat)
                                        (@HAdd.hAdd Nat Nat Nat (@instHAdd Nat instAddNat)
                                          (@OfNat.ofNat Nat (nat_lit 4) (instOfNatNat (nat_lit 4)))
                                          (@OfNat.ofNat Nat (nat_lit 1) (instOfNatNat (nat_lit 1))))
                                        (@OfNat.ofNat Nat (nat_lit 1) (instOfNatNat (nat_lit 1))))
                                      (@OfNat.ofNat Nat (nat_lit 1) (instOfNatNat (nat_lit 1))))
                                    (@OfNat.ofNat Nat (nat_lit 1) (instOfNatNat (nat_lit 1))))
                                  (@OfNat.ofNat Nat (nat_lit 1) (instOfNatNat (nat_lit 1))))
                                FFL.FirstOrder.Arithmetic.bumpNextDef._proof_5 (nat_lit 0))))
                          (@Matrix.vecCons
                            (FFL.FirstOrder.Semiterm FFL.FirstOrder.Language.oRing Empty
                              (@HAdd.hAdd Nat Nat Nat (@instHAdd Nat instAddNat)
                                (@HAdd.hAdd Nat Nat Nat (@instHAdd Nat instAddNat)
                                  (@HAdd.hAdd Nat Nat Nat (@instHAdd Nat instAddNat)
                                    (@HAdd.hAdd Nat Nat Nat (@instHAdd Nat instAddNat)
                                      (@HAdd.hAdd Nat Nat Nat (@instHAdd Nat instAddNat)
                                        (@OfNat.ofNat Nat (nat_lit 4) (instOfNatNat (nat_lit 4)))
                                        (@OfNat.ofNat Nat (nat_lit 1) (instOfNatNat (nat_lit 1))))
                                      (@OfNat.ofNat Nat (nat_lit 1) (instOfNatNat (nat_lit 1))))
                                    (@OfNat.ofNat Nat (nat_lit 1) (instOfNatNat (nat_lit 1))))
                                  (@OfNat.ofNat Nat (nat_lit 1) (instOfNatNat (nat_lit 1))))
                                (@OfNat.ofNat Nat (nat_lit 1) (instOfNatNat (nat_lit 1)))))
                            (Nat.succ (@OfNat.ofNat Nat (nat_lit 0) (instOfNatNat (nat_lit 0))))
                            (@FFL.FirstOrder.Semiterm.bvar FFL.FirstOrder.Language.oRing Empty
                              (@HAdd.hAdd Nat Nat Nat (@instHAdd Nat instAddNat)
                                (@HAdd.hAdd Nat Nat Nat (@instHAdd Nat instAddNat)
                                  (@HAdd.hAdd Nat Nat Nat (@instHAdd Nat instAddNat)
                                    (@HAdd.hAdd Nat Nat Nat (@instHAdd Nat instAddNat)
                                      (@HAdd.hAdd Nat Nat Nat (@instHAdd Nat instAddNat)
                                        (@OfNat.ofNat Nat (nat_lit 4) (instOfNatNat (nat_lit 4)))
                                        (@OfNat.ofNat Nat (nat_lit 1) (instOfNatNat (nat_lit 1))))
                                      (@OfNat.ofNat Nat (nat_lit 1) (instOfNatNat (nat_lit 1))))
                                    (@OfNat.ofNat Nat (nat_lit 1) (instOfNatNat (nat_lit 1))))
                                  (@OfNat.ofNat Nat (nat_lit 1) (instOfNatNat (nat_lit 1))))
                                (@OfNat.ofNat Nat (nat_lit 1) (instOfNatNat (nat_lit 1))))
                              (@OfNat.ofNat
                                (Fin
                                  (@HAdd.hAdd Nat Nat Nat (@instHAdd Nat instAddNat)
                                    (@HAdd.hAdd Nat Nat Nat (@instHAdd Nat instAddNat)
                                      (@HAdd.hAdd Nat Nat Nat (@instHAdd Nat instAddNat)
                                        (@HAdd.hAdd Nat Nat Nat (@instHAdd Nat instAddNat)
                                          (@HAdd.hAdd Nat Nat Nat (@instHAdd Nat instAddNat)
                                            (@OfNat.ofNat Nat (nat_lit 4) (instOfNatNat (nat_lit 4)))
                                            (@OfNat.ofNat Nat (nat_lit 1) (instOfNatNat (nat_lit 1))))
                                          (@OfNat.ofNat Nat (nat_lit 1) (instOfNatNat (nat_lit 1))))
                                        (@OfNat.ofNat Nat (nat_lit 1) (instOfNatNat (nat_lit 1))))
                                      (@OfNat.ofNat Nat (nat_lit 1) (instOfNatNat (nat_lit 1))))
                                    (@OfNat.ofNat Nat (nat_lit 1) (instOfNatNat (nat_lit 1)))))
                                (nat_lit 7)
                                (@Fin.instOfNat
                                  (@HAdd.hAdd Nat Nat Nat (@instHAdd Nat instAddNat)
                                    (@HAdd.hAdd Nat Nat Nat (@instHAdd Nat instAddNat)
                                      (@HAdd.hAdd Nat Nat Nat (@instHAdd Nat instAddNat)
                                        (@HAdd.hAdd Nat Nat Nat (@instHAdd Nat instAddNat)
                                          (@HAdd.hAdd Nat Nat Nat (@instHAdd Nat instAddNat)
                                            (@OfNat.ofNat Nat (nat_lit 4) (instOfNatNat (nat_lit 4)))
                                            (@OfNat.ofNat Nat (nat_lit 1) (instOfNatNat (nat_lit 1))))
                                          (@OfNat.ofNat Nat (nat_lit 1) (instOfNatNat (nat_lit 1))))
                                        (@OfNat.ofNat Nat (nat_lit 1) (instOfNatNat (nat_lit 1))))
                                      (@OfNat.ofNat Nat (nat_lit 1) (instOfNatNat (nat_lit 1))))
                                    (@OfNat.ofNat Nat (nat_lit 1) (instOfNatNat (nat_lit 1))))
                                  FFL.FirstOrder.Arithmetic.bumpNextDef._proof_5 (nat_lit 7))))
                            (@Matrix.vecCons
                              (FFL.FirstOrder.Semiterm FFL.FirstOrder.Language.oRing Empty
                                (@HAdd.hAdd Nat Nat Nat (@instHAdd Nat instAddNat)
                                  (@HAdd.hAdd Nat Nat Nat (@instHAdd Nat instAddNat)
                                    (@HAdd.hAdd Nat Nat Nat (@instHAdd Nat instAddNat)
                                      (@HAdd.hAdd Nat Nat Nat (@instHAdd Nat instAddNat)
                                        (@HAdd.hAdd Nat Nat Nat (@instHAdd Nat instAddNat)
                                          (@OfNat.ofNat Nat (nat_lit 4) (instOfNatNat (nat_lit 4)))
                                          (@OfNat.ofNat Nat (nat_lit 1) (instOfNatNat (nat_lit 1))))
                                        (@OfNat.ofNat Nat (nat_lit 1) (instOfNatNat (nat_lit 1))))
                                      (@OfNat.ofNat Nat (nat_lit 1) (instOfNatNat (nat_lit 1))))
                                    (@OfNat.ofNat Nat (nat_lit 1) (instOfNatNat (nat_lit 1))))
                                  (@OfNat.ofNat Nat (nat_lit 1) (instOfNatNat (nat_lit 1)))))
                              (@OfNat.ofNat Nat (nat_lit 0) (instOfNatNat (nat_lit 0)))
                              (@FFL.FirstOrder.Semiterm.bvar FFL.FirstOrder.Language.oRing Empty
                                (@HAdd.hAdd Nat Nat Nat (@instHAdd Nat instAddNat)
                                  (@HAdd.hAdd Nat Nat Nat (@instHAdd Nat instAddNat)
                                    (@HAdd.hAdd Nat Nat Nat (@instHAdd Nat instAddNat)
                                      (@HAdd.hAdd Nat Nat Nat (@instHAdd Nat instAddNat)
                                        (@HAdd.hAdd Nat Nat Nat (@instHAdd Nat instAddNat)
                                          (@OfNat.ofNat Nat (nat_lit 4) (instOfNatNat (nat_lit 4)))
                                          (@OfNat.ofNat Nat (nat_lit 1) (instOfNatNat (nat_lit 1))))
                                        (@OfNat.ofNat Nat (nat_lit 1) (instOfNatNat (nat_lit 1))))
                                      (@OfNat.ofNat Nat (nat_lit 1) (instOfNatNat (nat_lit 1))))
                                    (@OfNat.ofNat Nat (nat_lit 1) (instOfNatNat (nat_lit 1))))
                                  (@OfNat.ofNat Nat (nat_lit 1) (instOfNatNat (nat_lit 1))))
                                (@OfNat.ofNat
                                  (Fin
                                    (@HAdd.hAdd Nat Nat Nat (@instHAdd Nat instAddNat)
                                      (@HAdd.hAdd Nat Nat Nat (@instHAdd Nat instAddNat)
                                        (@HAdd.hAdd Nat Nat Nat (@instHAdd Nat instAddNat)
                                          (@HAdd.hAdd Nat Nat Nat (@instHAdd Nat instAddNat)
                                            (@HAdd.hAdd Nat Nat Nat (@instHAdd Nat instAddNat)
                                              (@OfNat.ofNat Nat (nat_lit 4) (instOfNatNat (nat_lit 4)))
                                              (@OfNat.ofNat Nat (nat_lit 1) (instOfNatNat (nat_lit 1))))
                                            (@OfNat.ofNat Nat (nat_lit 1) (instOfNatNat (nat_lit 1))))
                                          (@OfNat.ofNat Nat (nat_lit 1) (instOfNatNat (nat_lit 1))))
                                        (@OfNat.ofNat Nat (nat_lit 1) (instOfNatNat (nat_lit 1))))
                                      (@OfNat.ofNat Nat (nat_lit 1) (instOfNatNat (nat_lit 1)))))
                                  (nat_lit 3)
                                  (@Fin.instOfNat
                                    (@HAdd.hAdd Nat Nat Nat (@instHAdd Nat instAddNat)
                                      (@HAdd.hAdd Nat Nat Nat (@instHAdd Nat instAddNat)
                                        (@HAdd.hAdd Nat Nat Nat (@instHAdd Nat instAddNat)
                                          (@HAdd.hAdd Nat Nat Nat (@instHAdd Nat instAddNat)
                                            (@HAdd.hAdd Nat Nat Nat (@instHAdd Nat instAddNat)
                                              (@OfNat.ofNat Nat (nat_lit 4) (instOfNatNat (nat_lit 4)))
                                              (@OfNat.ofNat Nat (nat_lit 1) (instOfNatNat (nat_lit 1))))
                                            (@OfNat.ofNat Nat (nat_lit 1) (instOfNatNat (nat_lit 1))))
                                          (@OfNat.ofNat Nat (nat_lit 1) (instOfNatNat (nat_lit 1))))
                                        (@OfNat.ofNat Nat (nat_lit 1) (instOfNatNat (nat_lit 1))))
                                      (@OfNat.ofNat Nat (nat_lit 1) (instOfNatNat (nat_lit 1))))
                                    FFL.FirstOrder.Arithmetic.bumpNextDef._proof_5 (nat_lit 3))))
                              (@Matrix.vecEmpty
                                (FFL.FirstOrder.Semiterm FFL.FirstOrder.Language.oRing Empty
                                  (@HAdd.hAdd Nat Nat Nat (@instHAdd Nat instAddNat)
                                    (@HAdd.hAdd Nat Nat Nat (@instHAdd Nat instAddNat)
                                      (@HAdd.hAdd Nat Nat Nat (@instHAdd Nat instAddNat)
                                        (@HAdd.hAdd Nat Nat Nat (@instHAdd Nat instAddNat)
                                          (@HAdd.hAdd Nat Nat Nat (@instHAdd Nat instAddNat)
                                            (@OfNat.ofNat Nat (nat_lit 4) (instOfNatNat (nat_lit 4)))
                                            (@OfNat.ofNat Nat (nat_lit 1) (instOfNatNat (nat_lit 1))))
                                          (@OfNat.ofNat Nat (nat_lit 1) (instOfNatNat (nat_lit 1))))
                                        (@OfNat.ofNat Nat (nat_lit 1) (instOfNatNat (nat_lit 1))))
                                      (@OfNat.ofNat Nat (nat_lit 1) (instOfNatNat (nat_lit 1))))
                                    (@OfNat.ofNat Nat (nat_lit 1) (instOfNatNat (nat_lit 1))))))))))
                      (@FFL.FirstOrder.ExsQuantifier.exs
                        (FFL.FirstOrder.Semiformula FFL.FirstOrder.Language.oRing Empty)
                        (@FFL.FirstOrder.Quantifier.toExsQuantifier
                          (FFL.FirstOrder.Semiformula FFL.FirstOrder.Language.oRing Empty)
                          (@FFL.FirstOrder.Semiformula.instQuantifier FFL.FirstOrder.Language.oRing Empty))
                        (@HAdd.hAdd Nat Nat Nat (@instHAdd Nat instAddNat)
                          (@HAdd.hAdd Nat Nat Nat (@instHAdd Nat instAddNat)
                            (@HAdd.hAdd Nat Nat Nat (@instHAdd Nat instAddNat)
                              (@HAdd.hAdd Nat Nat Nat (@instHAdd Nat instAddNat)
                                (@HAdd.hAdd Nat Nat Nat (@instHAdd Nat instAddNat)
                                  (@OfNat.ofNat Nat (nat_lit 4) (instOfNatNat (nat_lit 4)))
                                  (@OfNat.ofNat Nat (nat_lit 1) (instOfNatNat (nat_lit 1))))
                                (@OfNat.ofNat Nat (nat_lit 1) (instOfNatNat (nat_lit 1))))
                              (@OfNat.ofNat Nat (nat_lit 1) (instOfNatNat (nat_lit 1))))
                            (@OfNat.ofNat Nat (nat_lit 1) (instOfNatNat (nat_lit 1))))
                          (@OfNat.ofNat Nat (nat_lit 1) (instOfNatNat (nat_lit 1))))
                        (@FFL.HWedge.hWedge
                          (FFL.FirstOrder.Semiformula FFL.FirstOrder.Language.oRing Empty
                            (@HAdd.hAdd Nat Nat Nat (@instHAdd Nat instAddNat)
                              (@HAdd.hAdd Nat Nat Nat (@instHAdd Nat instAddNat)
                                (@HAdd.hAdd Nat Nat Nat (@instHAdd Nat instAddNat)
                                  (@HAdd.hAdd Nat Nat Nat (@instHAdd Nat instAddNat)
                                    (@HAdd.hAdd Nat Nat Nat (@instHAdd Nat instAddNat)
                                      (@HAdd.hAdd Nat Nat Nat (@instHAdd Nat instAddNat)
                                        (@OfNat.ofNat Nat (nat_lit 4) (instOfNatNat (nat_lit 4)))
                                        (@OfNat.ofNat Nat (nat_lit 1) (instOfNatNat (nat_lit 1))))
                                      (@OfNat.ofNat Nat (nat_lit 1) (instOfNatNat (nat_lit 1))))
                                    (@OfNat.ofNat Nat (nat_lit 1) (instOfNatNat (nat_lit 1))))
                                  (@OfNat.ofNat Nat (nat_lit 1) (instOfNatNat (nat_lit 1))))
                                (@OfNat.ofNat Nat (nat_lit 1) (instOfNatNat (nat_lit 1))))
                              (@OfNat.ofNat Nat (nat_lit 1) (instOfNatNat (nat_lit 1)))))
                          (FFL.FirstOrder.Semiformula FFL.FirstOrder.Language.oRing Empty
                            (@HAdd.hAdd Nat Nat Nat (@instHAdd Nat instAddNat)
                              (@HAdd.hAdd Nat Nat Nat (@instHAdd Nat instAddNat)
                                (@HAdd.hAdd Nat Nat Nat (@instHAdd Nat instAddNat)
                                  (@HAdd.hAdd Nat Nat Nat (@instHAdd Nat instAddNat)
                                    (@HAdd.hAdd Nat Nat Nat (@instHAdd Nat instAddNat)
                                      (@HAdd.hAdd Nat Nat Nat (@instHAdd Nat instAddNat)
                                        (@OfNat.ofNat Nat (nat_lit 4) (instOfNatNat (nat_lit 4)))
                                        (@OfNat.ofNat Nat (nat_lit 1) (instOfNatNat (nat_lit 1))))
                                      (@OfNat.ofNat Nat (nat_lit 1) (instOfNatNat (nat_lit 1))))
                                    (@OfNat.ofNat Nat (nat_lit 1) (instOfNatNat (nat_lit 1))))
                                  (@OfNat.ofNat Nat (nat_lit 1) (instOfNatNat (nat_lit 1))))
                                (@OfNat.ofNat Nat (nat_lit 1) (instOfNatNat (nat_lit 1))))
                              (@OfNat.ofNat Nat (nat_lit 1) (instOfNatNat (nat_lit 1)))))
                          (FFL.FirstOrder.Semiformula FFL.FirstOrder.Language.oRing Empty
                            (@HAdd.hAdd Nat Nat Nat (@instHAdd Nat instAddNat)
                              (@HAdd.hAdd Nat Nat Nat (@instHAdd Nat instAddNat)
                                (@HAdd.hAdd Nat Nat Nat (@instHAdd Nat instAddNat)
                                  (@HAdd.hAdd Nat Nat Nat (@instHAdd Nat instAddNat)
                                    (@HAdd.hAdd Nat Nat Nat (@instHAdd Nat instAddNat)
                                      (@HAdd.hAdd Nat Nat Nat (@instHAdd Nat instAddNat)
                                        (@OfNat.ofNat Nat (nat_lit 4) (instOfNatNat (nat_lit 4)))
                                        (@OfNat.ofNat Nat (nat_lit 1) (instOfNatNat (nat_lit 1))))
                                      (@OfNat.ofNat Nat (nat_lit 1) (instOfNatNat (nat_lit 1))))
                                    (@OfNat.ofNat Nat (nat_lit 1) (instOfNatNat (nat_lit 1))))
                                  (@OfNat.ofNat Nat (nat_lit 1) (instOfNatNat (nat_lit 1))))
                                (@OfNat.ofNat Nat (nat_lit 1) (instOfNatNat (nat_lit 1))))
                              (@OfNat.ofNat Nat (nat_lit 1) (instOfNatNat (nat_lit 1)))))
                          (@FFL.Wedge.instHWedge
                            (FFL.FirstOrder.Semiformula FFL.FirstOrder.Language.oRing Empty
                              (@HAdd.hAdd Nat Nat Nat (@instHAdd Nat instAddNat)
                                (@HAdd.hAdd Nat Nat Nat (@instHAdd Nat instAddNat)
                                  (@HAdd.hAdd Nat Nat Nat (@instHAdd Nat instAddNat)
                                    (@HAdd.hAdd Nat Nat Nat (@instHAdd Nat instAddNat)
                                      (@HAdd.hAdd Nat Nat Nat (@instHAdd Nat instAddNat)
                                        (@HAdd.hAdd Nat Nat Nat (@instHAdd Nat instAddNat)
                                          (@OfNat.ofNat Nat (nat_lit 4) (instOfNatNat (nat_lit 4)))
                                          (@OfNat.ofNat Nat (nat_lit 1) (instOfNatNat (nat_lit 1))))
                                        (@OfNat.ofNat Nat (nat_lit 1) (instOfNatNat (nat_lit 1))))
                                      (@OfNat.ofNat Nat (nat_lit 1) (instOfNatNat (nat_lit 1))))
                                    (@OfNat.ofNat Nat (nat_lit 1) (instOfNatNat (nat_lit 1))))
                                  (@OfNat.ofNat Nat (nat_lit 1) (instOfNatNat (nat_lit 1))))
                                (@OfNat.ofNat Nat (nat_lit 1) (instOfNatNat (nat_lit 1)))))
                            (@FFL.LogicalConnective.toWedge
                              (FFL.FirstOrder.Semiformula FFL.FirstOrder.Language.oRing Empty
                                (@HAdd.hAdd Nat Nat Nat (@instHAdd Nat instAddNat)
                                  (@HAdd.hAdd Nat Nat Nat (@instHAdd Nat instAddNat)
                                    (@HAdd.hAdd Nat Nat Nat (@instHAdd Nat instAddNat)
                                      (@HAdd.hAdd Nat Nat Nat (@instHAdd Nat instAddNat)
                                        (@HAdd.hAdd Nat Nat Nat (@instHAdd Nat instAddNat)
                                          (@HAdd.hAdd Nat Nat Nat (@instHAdd Nat instAddNat)
                                            (@OfNat.ofNat Nat (nat_lit 4) (instOfNatNat (nat_lit 4)))
                                            (@OfNat.ofNat Nat (nat_lit 1) (instOfNatNat (nat_lit 1))))
                                          (@OfNat.ofNat Nat (nat_lit 1) (instOfNatNat (nat_lit 1))))
                                        (@OfNat.ofNat Nat (nat_lit 1) (instOfNatNat (nat_lit 1))))
                                      (@OfNat.ofNat Nat (nat_lit 1) (instOfNatNat (nat_lit 1))))
                                    (@OfNat.ofNat Nat (nat_lit 1) (instOfNatNat (nat_lit 1))))
                                  (@OfNat.ofNat Nat (nat_lit 1) (instOfNatNat (nat_lit 1)))))
                              (@FFL.FirstOrder.Semiformula.instLogicalConnective FFL.FirstOrder.Language.oRing Empty
                                (@HAdd.hAdd Nat Nat Nat (@instHAdd Nat instAddNat)
                                  (@HAdd.hAdd Nat Nat Nat (@instHAdd Nat instAddNat)
                                    (@HAdd.hAdd Nat Nat Nat (@instHAdd Nat instAddNat)
                                      (@HAdd.hAdd Nat Nat Nat (@instHAdd Nat instAddNat)
                                        (@HAdd.hAdd Nat Nat Nat (@instHAdd Nat instAddNat)
                                          (@HAdd.hAdd Nat Nat Nat (@instHAdd Nat instAddNat)
                                            (@OfNat.ofNat Nat (nat_lit 4) (instOfNatNat (nat_lit 4)))
                                            (@OfNat.ofNat Nat (nat_lit 1) (instOfNatNat (nat_lit 1))))
                                          (@OfNat.ofNat Nat (nat_lit 1) (instOfNatNat (nat_lit 1))))
                                        (@OfNat.ofNat Nat (nat_lit 1) (instOfNatNat (nat_lit 1))))
                                      (@OfNat.ofNat Nat (nat_lit 1) (instOfNatNat (nat_lit 1))))
                                    (@OfNat.ofNat Nat (nat_lit 1) (instOfNatNat (nat_lit 1))))
                                  (@OfNat.ofNat Nat (nat_lit 1) (instOfNatNat (nat_lit 1)))))))
                          (@FFL.FirstOrder.Rewriting.subst FFL.FirstOrder.Language.oRing Empty
                            (FFL.FirstOrder.Semiformula FFL.FirstOrder.Language.oRing Empty)
                            (Nat.succ (@OfNat.ofNat Nat (nat_lit 0) (instOfNatNat (nat_lit 0)))).succ.succ
                            (@HAdd.hAdd Nat Nat Nat (@instHAdd Nat instAddNat)
                              (@HAdd.hAdd Nat Nat Nat (@instHAdd Nat instAddNat)
                                (@HAdd.hAdd Nat Nat Nat (@instHAdd Nat instAddNat)
                                  (@HAdd.hAdd Nat Nat Nat (@instHAdd Nat instAddNat)
                                    (@HAdd.hAdd Nat Nat Nat (@instHAdd Nat instAddNat)
                                      (@HAdd.hAdd Nat Nat Nat (@instHAdd Nat instAddNat)
                                        (@OfNat.ofNat Nat (nat_lit 4) (instOfNatNat (nat_lit 4)))
                                        (@OfNat.ofNat Nat (nat_lit 1) (instOfNatNat (nat_lit 1))))
                                      (@OfNat.ofNat Nat (nat_lit 1) (instOfNatNat (nat_lit 1))))
                                    (@OfNat.ofNat Nat (nat_lit 1) (instOfNatNat (nat_lit 1))))
                                  (@OfNat.ofNat Nat (nat_lit 1) (instOfNatNat (nat_lit 1))))
                                (@OfNat.ofNat Nat (nat_lit 1) (instOfNatNat (nat_lit 1))))
                              (@OfNat.ofNat Nat (nat_lit 1) (instOfNatNat (nat_lit 1))))
                            (@FFL.FirstOrder.instLCWQOfQuantifierOfLogicalConnectiveOfLogicalNeutral
                              (FFL.FirstOrder.Semiformula FFL.FirstOrder.Language.oRing Empty)
                              (@FFL.FirstOrder.Semiformula.instQuantifier FFL.FirstOrder.Language.oRing Empty)
                              (@FFL.FirstOrder.Semiformula.instLogicalConnective FFL.FirstOrder.Language.oRing Empty)
                              (@FFL.FirstOrder.Semiformula.instLogicalNeutral FFL.FirstOrder.Language.oRing Empty))
                            (@FFL.FirstOrder.Semiformula.instRewriting FFL.FirstOrder.Language.oRing Empty Empty)
                            (@FFL.FirstOrder.Bounding.HierarchySymbol.Semiformula.val FFL.FirstOrder.Language.oRing
                              (@FFL.FirstOrder.Bounding.lt FFL.FirstOrder.Language.oRing
                                (@FFL.FirstOrder.Language.ORing.toLT FFL.FirstOrder.Language.oRing
                                  FFL.FirstOrder.Arithmetic.instORingORing))
                              Empty (@OfNat.ofNat Nat (nat_lit 3) (instOfNatNat (nat_lit 3)))
                              (@FFL.FirstOrder.Bounding.HierarchySymbol.mk FFL.FirstOrder.Language.oRing
                                (@FFL.FirstOrder.Bounding.lt FFL.FirstOrder.Language.oRing
                                  (@FFL.FirstOrder.Language.ORing.toLT FFL.FirstOrder.Language.oRing
                                    FFL.FirstOrder.Arithmetic.instORingORing))
                                (@FFL.SigmaSymbol.sigma FFL.SigmaPiDelta FFL.SigmaPiDelta.instSigmaSymbol)
                                (@OfNat.ofNat Nat (nat_lit 0) (instOfNatNat (nat_lit 0))))
                              FFL.FirstOrder.Arithmetic.remDef)
                            (@Matrix.vecCons
                              (FFL.FirstOrder.Semiterm FFL.FirstOrder.Language.oRing Empty
                                (@HAdd.hAdd Nat Nat Nat (@instHAdd Nat instAddNat)
                                  (@HAdd.hAdd Nat Nat Nat (@instHAdd Nat instAddNat)
                                    (@HAdd.hAdd Nat Nat Nat (@instHAdd Nat instAddNat)
                                      (@HAdd.hAdd Nat Nat Nat (@instHAdd Nat instAddNat)
                                        (@HAdd.hAdd Nat Nat Nat (@instHAdd Nat instAddNat)
                                          (@HAdd.hAdd Nat Nat Nat (@instHAdd Nat instAddNat)
                                            (@OfNat.ofNat Nat (nat_lit 4) (instOfNatNat (nat_lit 4)))
                                            (@OfNat.ofNat Nat (nat_lit 1) (instOfNatNat (nat_lit 1))))
                                          (@OfNat.ofNat Nat (nat_lit 1) (instOfNatNat (nat_lit 1))))
                                        (@OfNat.ofNat Nat (nat_lit 1) (instOfNatNat (nat_lit 1))))
                                      (@OfNat.ofNat Nat (nat_lit 1) (instOfNatNat (nat_lit 1))))
                                    (@OfNat.ofNat Nat (nat_lit 1) (instOfNatNat (nat_lit 1))))
                                  (@OfNat.ofNat Nat (nat_lit 1) (instOfNatNat (nat_lit 1)))))
                              (Nat.succ (@OfNat.ofNat Nat (nat_lit 0) (instOfNatNat (nat_lit 0)))).succ
                              (@FFL.FirstOrder.Semiterm.bvar FFL.FirstOrder.Language.oRing Empty
                                (@HAdd.hAdd Nat Nat Nat (@instHAdd Nat instAddNat)
                                  (@HAdd.hAdd Nat Nat Nat (@instHAdd Nat instAddNat)
                                    (@HAdd.hAdd Nat Nat Nat (@instHAdd Nat instAddNat)
                                      (@HAdd.hAdd Nat Nat Nat (@instHAdd Nat instAddNat)
                                        (@HAdd.hAdd Nat Nat Nat (@instHAdd Nat instAddNat)
                                          (@HAdd.hAdd Nat Nat Nat (@instHAdd Nat instAddNat)
                                            (@OfNat.ofNat Nat (nat_lit 4) (instOfNatNat (nat_lit 4)))
                                            (@OfNat.ofNat Nat (nat_lit 1) (instOfNatNat (nat_lit 1))))
                                          (@OfNat.ofNat Nat (nat_lit 1) (instOfNatNat (nat_lit 1))))
                                        (@OfNat.ofNat Nat (nat_lit 1) (instOfNatNat (nat_lit 1))))
                                      (@OfNat.ofNat Nat (nat_lit 1) (instOfNatNat (nat_lit 1))))
                                    (@OfNat.ofNat Nat (nat_lit 1) (instOfNatNat (nat_lit 1))))
                                  (@OfNat.ofNat Nat (nat_lit 1) (instOfNatNat (nat_lit 1))))
                                (@OfNat.ofNat
                                  (Fin
                                    (@HAdd.hAdd Nat Nat Nat (@instHAdd Nat instAddNat)
                                      (@HAdd.hAdd Nat Nat Nat (@instHAdd Nat instAddNat)
                                        (@HAdd.hAdd Nat Nat Nat (@instHAdd Nat instAddNat)
                                          (@HAdd.hAdd Nat Nat Nat (@instHAdd Nat instAddNat)
                                            (@HAdd.hAdd Nat Nat Nat (@instHAdd Nat instAddNat)
                                              (@HAdd.hAdd Nat Nat Nat (@instHAdd Nat instAddNat)
                                                (@OfNat.ofNat Nat (nat_lit 4) (instOfNatNat (nat_lit 4)))
                                                (@OfNat.ofNat Nat (nat_lit 1) (instOfNatNat (nat_lit 1))))
                                              (@OfNat.ofNat Nat (nat_lit 1) (instOfNatNat (nat_lit 1))))
                                            (@OfNat.ofNat Nat (nat_lit 1) (instOfNatNat (nat_lit 1))))
                                          (@OfNat.ofNat Nat (nat_lit 1) (instOfNatNat (nat_lit 1))))
                                        (@OfNat.ofNat Nat (nat_lit 1) (instOfNatNat (nat_lit 1))))
                                      (@OfNat.ofNat Nat (nat_lit 1) (instOfNatNat (nat_lit 1)))))
                                  (nat_lit 0)
                                  (@Fin.instOfNat
                                    (@HAdd.hAdd Nat Nat Nat (@instHAdd Nat instAddNat)
                                      (@HAdd.hAdd Nat Nat Nat (@instHAdd Nat instAddNat)
                                        (@HAdd.hAdd Nat Nat Nat (@instHAdd Nat instAddNat)
                                          (@HAdd.hAdd Nat Nat Nat (@instHAdd Nat instAddNat)
                                            (@HAdd.hAdd Nat Nat Nat (@instHAdd Nat instAddNat)
                                              (@HAdd.hAdd Nat Nat Nat (@instHAdd Nat instAddNat)
                                                (@OfNat.ofNat Nat (nat_lit 4) (instOfNatNat (nat_lit 4)))
                                                (@OfNat.ofNat Nat (nat_lit 1) (instOfNatNat (nat_lit 1))))
                                              (@OfNat.ofNat Nat (nat_lit 1) (instOfNatNat (nat_lit 1))))
                                            (@OfNat.ofNat Nat (nat_lit 1) (instOfNatNat (nat_lit 1))))
                                          (@OfNat.ofNat Nat (nat_lit 1) (instOfNatNat (nat_lit 1))))
                                        (@OfNat.ofNat Nat (nat_lit 1) (instOfNatNat (nat_lit 1))))
                                      (@OfNat.ofNat Nat (nat_lit 1) (instOfNatNat (nat_lit 1))))
                                    FFL.FirstOrder.Arithmetic.bumpNextDef._proof_6 (nat_lit 0))))
                              (@Matrix.vecCons
                                (FFL.FirstOrder.Semiterm FFL.FirstOrder.Language.oRing Empty
                                  (@HAdd.hAdd Nat Nat Nat (@instHAdd Nat instAddNat)
                                    (@HAdd.hAdd Nat Nat Nat (@instHAdd Nat instAddNat)
                                      (@HAdd.hAdd Nat Nat Nat (@instHAdd Nat instAddNat)
                                        (@HAdd.hAdd Nat Nat Nat (@instHAdd Nat instAddNat)
                                          (@HAdd.hAdd Nat Nat Nat (@instHAdd Nat instAddNat)
                                            (@HAdd.hAdd Nat Nat Nat (@instHAdd Nat instAddNat)
                                              (@OfNat.ofNat Nat (nat_lit 4) (instOfNatNat (nat_lit 4)))
                                              (@OfNat.ofNat Nat (nat_lit 1) (instOfNatNat (nat_lit 1))))
                                            (@OfNat.ofNat Nat (nat_lit 1) (instOfNatNat (nat_lit 1))))
                                          (@OfNat.ofNat Nat (nat_lit 1) (instOfNatNat (nat_lit 1))))
                                        (@OfNat.ofNat Nat (nat_lit 1) (instOfNatNat (nat_lit 1))))
                                      (@OfNat.ofNat Nat (nat_lit 1) (instOfNatNat (nat_lit 1))))
                                    (@OfNat.ofNat Nat (nat_lit 1) (instOfNatNat (nat_lit 1)))))
                                (Nat.succ (@OfNat.ofNat Nat (nat_lit 0) (instOfNatNat (nat_lit 0))))
                                (@FFL.FirstOrder.Semiterm.bvar FFL.FirstOrder.Language.oRing Empty
                                  (@HAdd.hAdd Nat Nat Nat (@instHAdd Nat instAddNat)
                                    (@HAdd.hAdd Nat Nat Nat (@instHAdd Nat instAddNat)
                                      (@HAdd.hAdd Nat Nat Nat (@instHAdd Nat instAddNat)
                                        (@HAdd.hAdd Nat Nat Nat (@instHAdd Nat instAddNat)
                                          (@HAdd.hAdd Nat Nat Nat (@instHAdd Nat instAddNat)
                                            (@HAdd.hAdd Nat Nat Nat (@instHAdd Nat instAddNat)
                                              (@OfNat.ofNat Nat (nat_lit 4) (instOfNatNat (nat_lit 4)))
                                              (@OfNat.ofNat Nat (nat_lit 1) (instOfNatNat (nat_lit 1))))
                                            (@OfNat.ofNat Nat (nat_lit 1) (instOfNatNat (nat_lit 1))))
                                          (@OfNat.ofNat Nat (nat_lit 1) (instOfNatNat (nat_lit 1))))
                                        (@OfNat.ofNat Nat (nat_lit 1) (instOfNatNat (nat_lit 1))))
                                      (@OfNat.ofNat Nat (nat_lit 1) (instOfNatNat (nat_lit 1))))
                                    (@OfNat.ofNat Nat (nat_lit 1) (instOfNatNat (nat_lit 1))))
                                  (@OfNat.ofNat
                                    (Fin
                                      (@HAdd.hAdd Nat Nat Nat (@instHAdd Nat instAddNat)
                                        (@HAdd.hAdd Nat Nat Nat (@instHAdd Nat instAddNat)
                                          (@HAdd.hAdd Nat Nat Nat (@instHAdd Nat instAddNat)
                                            (@HAdd.hAdd Nat Nat Nat (@instHAdd Nat instAddNat)
                                              (@HAdd.hAdd Nat Nat Nat (@instHAdd Nat instAddNat)
                                                (@HAdd.hAdd Nat Nat Nat (@instHAdd Nat instAddNat)
                                                  (@OfNat.ofNat Nat (nat_lit 4) (instOfNatNat (nat_lit 4)))
                                                  (@OfNat.ofNat Nat (nat_lit 1) (instOfNatNat (nat_lit 1))))
                                                (@OfNat.ofNat Nat (nat_lit 1) (instOfNatNat (nat_lit 1))))
                                              (@OfNat.ofNat Nat (nat_lit 1) (instOfNatNat (nat_lit 1))))
                                            (@OfNat.ofNat Nat (nat_lit 1) (instOfNatNat (nat_lit 1))))
                                          (@OfNat.ofNat Nat (nat_lit 1) (instOfNatNat (nat_lit 1))))
                                        (@OfNat.ofNat Nat (nat_lit 1) (instOfNatNat (nat_lit 1)))))
                                    (nat_lit 8)
                                    (@Fin.instOfNat
                                      (@HAdd.hAdd Nat Nat Nat (@instHAdd Nat instAddNat)
                                        (@HAdd.hAdd Nat Nat Nat (@instHAdd Nat instAddNat)
                                          (@HAdd.hAdd Nat Nat Nat (@instHAdd Nat instAddNat)
                                            (@HAdd.hAdd Nat Nat Nat (@instHAdd Nat instAddNat)
                                              (@HAdd.hAdd Nat Nat Nat (@instHAdd Nat instAddNat)
                                                (@HAdd.hAdd Nat Nat Nat (@instHAdd Nat instAddNat)
                                                  (@OfNat.ofNat Nat (nat_lit 4) (instOfNatNat (nat_lit 4)))
                                                  (@OfNat.ofNat Nat (nat_lit 1) (instOfNatNat (nat_lit 1))))
                                                (@OfNat.ofNat Nat (nat_lit 1) (instOfNatNat (nat_lit 1))))
                                              (@OfNat.ofNat Nat (nat_lit 1) (instOfNatNat (nat_lit 1))))
                                            (@OfNat.ofNat Nat (nat_lit 1) (instOfNatNat (nat_lit 1))))
                                          (@OfNat.ofNat Nat (nat_lit 1) (instOfNatNat (nat_lit 1))))
                                        (@OfNat.ofNat Nat (nat_lit 1) (instOfNatNat (nat_lit 1))))
                                      FFL.FirstOrder.Arithmetic.bumpNextDef._proof_6 (nat_lit 8))))
                                (@Matrix.vecCons
                                  (FFL.FirstOrder.Semiterm FFL.FirstOrder.Language.oRing Empty
                                    (@HAdd.hAdd Nat Nat Nat (@instHAdd Nat instAddNat)
                                      (@HAdd.hAdd Nat Nat Nat (@instHAdd Nat instAddNat)
                                        (@HAdd.hAdd Nat Nat Nat (@instHAdd Nat instAddNat)
                                          (@HAdd.hAdd Nat Nat Nat (@instHAdd Nat instAddNat)
                                            (@HAdd.hAdd Nat Nat Nat (@instHAdd Nat instAddNat)
                                              (@HAdd.hAdd Nat Nat Nat (@instHAdd Nat instAddNat)
                                                (@OfNat.ofNat Nat (nat_lit 4) (instOfNatNat (nat_lit 4)))
                                                (@OfNat.ofNat Nat (nat_lit 1) (instOfNatNat (nat_lit 1))))
                                              (@OfNat.ofNat Nat (nat_lit 1) (instOfNatNat (nat_lit 1))))
                                            (@OfNat.ofNat Nat (nat_lit 1) (instOfNatNat (nat_lit 1))))
                                          (@OfNat.ofNat Nat (nat_lit 1) (instOfNatNat (nat_lit 1))))
                                        (@OfNat.ofNat Nat (nat_lit 1) (instOfNatNat (nat_lit 1))))
                                      (@OfNat.ofNat Nat (nat_lit 1) (instOfNatNat (nat_lit 1)))))
                                  (@OfNat.ofNat Nat (nat_lit 0) (instOfNatNat (nat_lit 0)))
                                  (@FFL.FirstOrder.Semiterm.bvar FFL.FirstOrder.Language.oRing Empty
                                    (@HAdd.hAdd Nat Nat Nat (@instHAdd Nat instAddNat)
                                      (@HAdd.hAdd Nat Nat Nat (@instHAdd Nat instAddNat)
                                        (@HAdd.hAdd Nat Nat Nat (@instHAdd Nat instAddNat)
                                          (@HAdd.hAdd Nat Nat Nat (@instHAdd Nat instAddNat)
                                            (@HAdd.hAdd Nat Nat Nat (@instHAdd Nat instAddNat)
                                              (@HAdd.hAdd Nat Nat Nat (@instHAdd Nat instAddNat)
                                                (@OfNat.ofNat Nat (nat_lit 4) (instOfNatNat (nat_lit 4)))
                                                (@OfNat.ofNat Nat (nat_lit 1) (instOfNatNat (nat_lit 1))))
                                              (@OfNat.ofNat Nat (nat_lit 1) (instOfNatNat (nat_lit 1))))
                                            (@OfNat.ofNat Nat (nat_lit 1) (instOfNatNat (nat_lit 1))))
                                          (@OfNat.ofNat Nat (nat_lit 1) (instOfNatNat (nat_lit 1))))
                                        (@OfNat.ofNat Nat (nat_lit 1) (instOfNatNat (nat_lit 1))))
                                      (@OfNat.ofNat Nat (nat_lit 1) (instOfNatNat (nat_lit 1))))
                                    (@OfNat.ofNat
                                      (Fin
                                        (@HAdd.hAdd Nat Nat Nat (@instHAdd Nat instAddNat)
                                          (@HAdd.hAdd Nat Nat Nat (@instHAdd Nat instAddNat)
                                            (@HAdd.hAdd Nat Nat Nat (@instHAdd Nat instAddNat)
                                              (@HAdd.hAdd Nat Nat Nat (@instHAdd Nat instAddNat)
                                                (@HAdd.hAdd Nat Nat Nat (@instHAdd Nat instAddNat)
                                                  (@HAdd.hAdd Nat Nat Nat (@instHAdd Nat instAddNat)
                                                    (@OfNat.ofNat Nat (nat_lit 4) (instOfNatNat (nat_lit 4)))
                                                    (@OfNat.ofNat Nat (nat_lit 1) (instOfNatNat (nat_lit 1))))
                                                  (@OfNat.ofNat Nat (nat_lit 1) (instOfNatNat (nat_lit 1))))
                                                (@OfNat.ofNat Nat (nat_lit 1) (instOfNatNat (nat_lit 1))))
                                              (@OfNat.ofNat Nat (nat_lit 1) (instOfNatNat (nat_lit 1))))
                                            (@OfNat.ofNat Nat (nat_lit 1) (instOfNatNat (nat_lit 1))))
                                          (@OfNat.ofNat Nat (nat_lit 1) (instOfNatNat (nat_lit 1)))))
                                      (nat_lit 4)
                                      (@Fin.instOfNat
                                        (@HAdd.hAdd Nat Nat Nat (@instHAdd Nat instAddNat)
                                          (@HAdd.hAdd Nat Nat Nat (@instHAdd Nat instAddNat)
                                            (@HAdd.hAdd Nat Nat Nat (@instHAdd Nat instAddNat)
                                              (@HAdd.hAdd Nat Nat Nat (@instHAdd Nat instAddNat)
                                                (@HAdd.hAdd Nat Nat Nat (@instHAdd Nat instAddNat)
                                                  (@HAdd.hAdd Nat Nat Nat (@instHAdd Nat instAddNat)
                                                    (@OfNat.ofNat Nat (nat_lit 4) (instOfNatNat (nat_lit 4)))
                                                    (@OfNat.ofNat Nat (nat_lit 1) (instOfNatNat (nat_lit 1))))
                                                  (@OfNat.ofNat Nat (nat_lit 1) (instOfNatNat (nat_lit 1))))
                                                (@OfNat.ofNat Nat (nat_lit 1) (instOfNatNat (nat_lit 1))))
                                              (@OfNat.ofNat Nat (nat_lit 1) (instOfNatNat (nat_lit 1))))
                                            (@OfNat.ofNat Nat (nat_lit 1) (instOfNatNat (nat_lit 1))))
                                          (@OfNat.ofNat Nat (nat_lit 1) (instOfNatNat (nat_lit 1))))
                                        FFL.FirstOrder.Arithmetic.bumpNextDef._proof_6 (nat_lit 4))))
                                  (@Matrix.vecEmpty
                                    (FFL.FirstOrder.Semiterm FFL.FirstOrder.Language.oRing Empty
                                      (@HAdd.hAdd Nat Nat Nat (@instHAdd Nat instAddNat)
                                        (@HAdd.hAdd Nat Nat Nat (@instHAdd Nat instAddNat)
                                          (@HAdd.hAdd Nat Nat Nat (@instHAdd Nat instAddNat)
                                            (@HAdd.hAdd Nat Nat Nat (@instHAdd Nat instAddNat)
                                              (@HAdd.hAdd Nat Nat Nat (@instHAdd Nat instAddNat)
                                                (@HAdd.hAdd Nat Nat Nat (@instHAdd Nat instAddNat)
                                                  (@OfNat.ofNat Nat (nat_lit 4) (instOfNatNat (nat_lit 4)))
                                                  (@OfNat.ofNat Nat (nat_lit 1) (instOfNatNat (nat_lit 1))))
                                                (@OfNat.ofNat Nat (nat_lit 1) (instOfNatNat (nat_lit 1))))
                                              (@OfNat.ofNat Nat (nat_lit 1) (instOfNatNat (nat_lit 1))))
                                            (@OfNat.ofNat Nat (nat_lit 1) (instOfNatNat (nat_lit 1))))
                                          (@OfNat.ofNat Nat (nat_lit 1) (instOfNatNat (nat_lit 1))))
                                        (@OfNat.ofNat Nat (nat_lit 1) (instOfNatNat (nat_lit 1))))))))))
                          (@FFL.FirstOrder.ExsQuantifier.exs
                            (FFL.FirstOrder.Semiformula FFL.FirstOrder.Language.oRing Empty)
                            (@FFL.FirstOrder.Quantifier.toExsQuantifier
                              (FFL.FirstOrder.Semiformula FFL.FirstOrder.Language.oRing Empty)
                              (@FFL.FirstOrder.Semiformula.instQuantifier FFL.FirstOrder.Language.oRing Empty))
                            (@HAdd.hAdd Nat Nat Nat (@instHAdd Nat instAddNat)
                              (@HAdd.hAdd Nat Nat Nat (@instHAdd Nat instAddNat)
                                (@HAdd.hAdd Nat Nat Nat (@instHAdd Nat instAddNat)
                                  (@HAdd.hAdd Nat Nat Nat (@instHAdd Nat instAddNat)
                                    (@HAdd.hAdd Nat Nat Nat (@instHAdd Nat instAddNat)
                                      (@HAdd.hAdd Nat Nat Nat (@instHAdd Nat instAddNat)
                                        (@OfNat.ofNat Nat (nat_lit 4) (instOfNatNat (nat_lit 4)))
                                        (@OfNat.ofNat Nat (nat_lit 1) (instOfNatNat (nat_lit 1))))
                                      (@OfNat.ofNat Nat (nat_lit 1) (instOfNatNat (nat_lit 1))))
                                    (@OfNat.ofNat Nat (nat_lit 1) (instOfNatNat (nat_lit 1))))
                                  (@OfNat.ofNat Nat (nat_lit 1) (instOfNatNat (nat_lit 1))))
                                (@OfNat.ofNat Nat (nat_lit 1) (instOfNatNat (nat_lit 1))))
                              (@OfNat.ofNat Nat (nat_lit 1) (instOfNatNat (nat_lit 1))))
                            (@FFL.HWedge.hWedge
                              (FFL.FirstOrder.Semiformula FFL.FirstOrder.Language.oRing Empty
                                (@HAdd.hAdd Nat Nat Nat (@instHAdd Nat instAddNat)
                                  (@HAdd.hAdd Nat Nat Nat (@instHAdd Nat instAddNat)
                                    (@HAdd.hAdd Nat Nat Nat (@instHAdd Nat instAddNat)
                                      (@HAdd.hAdd Nat Nat Nat (@instHAdd Nat instAddNat)
                                        (@HAdd.hAdd Nat Nat Nat (@instHAdd Nat instAddNat)
                                          (@HAdd.hAdd Nat Nat Nat (@instHAdd Nat instAddNat)
                                            (@HAdd.hAdd Nat Nat Nat (@instHAdd Nat instAddNat)
                                              (@OfNat.ofNat Nat (nat_lit 4) (instOfNatNat (nat_lit 4)))
                                              (@OfNat.ofNat Nat (nat_lit 1) (instOfNatNat (nat_lit 1))))
                                            (@OfNat.ofNat Nat (nat_lit 1) (instOfNatNat (nat_lit 1))))
                                          (@OfNat.ofNat Nat (nat_lit 1) (instOfNatNat (nat_lit 1))))
                                        (@OfNat.ofNat Nat (nat_lit 1) (instOfNatNat (nat_lit 1))))
                                      (@OfNat.ofNat Nat (nat_lit 1) (instOfNatNat (nat_lit 1))))
                                    (@OfNat.ofNat Nat (nat_lit 1) (instOfNatNat (nat_lit 1))))
                                  (@OfNat.ofNat Nat (nat_lit 1) (instOfNatNat (nat_lit 1)))))
                              (FFL.FirstOrder.Semiformula FFL.FirstOrder.Language.oRing Empty
                                (@HAdd.hAdd Nat Nat Nat (@instHAdd Nat instAddNat)
                                  (@HAdd.hAdd Nat Nat Nat (@instHAdd Nat instAddNat)
                                    (@HAdd.hAdd Nat Nat Nat (@instHAdd Nat instAddNat)
                                      (@HAdd.hAdd Nat Nat Nat (@instHAdd Nat instAddNat)
                                        (@HAdd.hAdd Nat Nat Nat (@instHAdd Nat instAddNat)
                                          (@HAdd.hAdd Nat Nat Nat (@instHAdd Nat instAddNat)
                                            (@HAdd.hAdd Nat Nat Nat (@instHAdd Nat instAddNat)
                                              (@OfNat.ofNat Nat (nat_lit 4) (instOfNatNat (nat_lit 4)))
                                              (@OfNat.ofNat Nat (nat_lit 1) (instOfNatNat (nat_lit 1))))
                                            (@OfNat.ofNat Nat (nat_lit 1) (instOfNatNat (nat_lit 1))))
                                          (@OfNat.ofNat Nat (nat_lit 1) (instOfNatNat (nat_lit 1))))
                                        (@OfNat.ofNat Nat (nat_lit 1) (instOfNatNat (nat_lit 1))))
                                      (@OfNat.ofNat Nat (nat_lit 1) (instOfNatNat (nat_lit 1))))
                                    (@OfNat.ofNat Nat (nat_lit 1) (instOfNatNat (nat_lit 1))))
                                  (@OfNat.ofNat Nat (nat_lit 1) (instOfNatNat (nat_lit 1)))))
                              (FFL.FirstOrder.Semiformula FFL.FirstOrder.Language.oRing Empty
                                (@HAdd.hAdd Nat Nat Nat (@instHAdd Nat instAddNat)
                                  (@HAdd.hAdd Nat Nat Nat (@instHAdd Nat instAddNat)
                                    (@HAdd.hAdd Nat Nat Nat (@instHAdd Nat instAddNat)
                                      (@HAdd.hAdd Nat Nat Nat (@instHAdd Nat instAddNat)
                                        (@HAdd.hAdd Nat Nat Nat (@instHAdd Nat instAddNat)
                                          (@HAdd.hAdd Nat Nat Nat (@instHAdd Nat instAddNat)
                                            (@HAdd.hAdd Nat Nat Nat (@instHAdd Nat instAddNat)
                                              (@OfNat.ofNat Nat (nat_lit 4) (instOfNatNat (nat_lit 4)))
                                              (@OfNat.ofNat Nat (nat_lit 1) (instOfNatNat (nat_lit 1))))
                                            (@OfNat.ofNat Nat (nat_lit 1) (instOfNatNat (nat_lit 1))))
                                          (@OfNat.ofNat Nat (nat_lit 1) (instOfNatNat (nat_lit 1))))
                                        (@OfNat.ofNat Nat (nat_lit 1) (instOfNatNat (nat_lit 1))))
                                      (@OfNat.ofNat Nat (nat_lit 1) (instOfNatNat (nat_lit 1))))
                                    (@OfNat.ofNat Nat (nat_lit 1) (instOfNatNat (nat_lit 1))))
                                  (@OfNat.ofNat Nat (nat_lit 1) (instOfNatNat (nat_lit 1)))))
                              (@FFL.Wedge.instHWedge
                                (FFL.FirstOrder.Semiformula FFL.FirstOrder.Language.oRing Empty
                                  (@HAdd.hAdd Nat Nat Nat (@instHAdd Nat instAddNat)
                                    (@HAdd.hAdd Nat Nat Nat (@instHAdd Nat instAddNat)
                                      (@HAdd.hAdd Nat Nat Nat (@instHAdd Nat instAddNat)
                                        (@HAdd.hAdd Nat Nat Nat (@instHAdd Nat instAddNat)
                                          (@HAdd.hAdd Nat Nat Nat (@instHAdd Nat instAddNat)
                                            (@HAdd.hAdd Nat Nat Nat (@instHAdd Nat instAddNat)
                                              (@HAdd.hAdd Nat Nat Nat (@instHAdd Nat instAddNat)
                                                (@OfNat.ofNat Nat (nat_lit 4) (instOfNatNat (nat_lit 4)))
                                                (@OfNat.ofNat Nat (nat_lit 1) (instOfNatNat (nat_lit 1))))
                                              (@OfNat.ofNat Nat (nat_lit 1) (instOfNatNat (nat_lit 1))))
                                            (@OfNat.ofNat Nat (nat_lit 1) (instOfNatNat (nat_lit 1))))
                                          (@OfNat.ofNat Nat (nat_lit 1) (instOfNatNat (nat_lit 1))))
                                        (@OfNat.ofNat Nat (nat_lit 1) (instOfNatNat (nat_lit 1))))
                                      (@OfNat.ofNat Nat (nat_lit 1) (instOfNatNat (nat_lit 1))))
                                    (@OfNat.ofNat Nat (nat_lit 1) (instOfNatNat (nat_lit 1)))))
                                (@FFL.LogicalConnective.toWedge
                                  (FFL.FirstOrder.Semiformula FFL.FirstOrder.Language.oRing Empty
                                    (@HAdd.hAdd Nat Nat Nat (@instHAdd Nat instAddNat)
                                      (@HAdd.hAdd Nat Nat Nat (@instHAdd Nat instAddNat)
                                        (@HAdd.hAdd Nat Nat Nat (@instHAdd Nat instAddNat)
                                          (@HAdd.hAdd Nat Nat Nat (@instHAdd Nat instAddNat)
                                            (@HAdd.hAdd Nat Nat Nat (@instHAdd Nat instAddNat)
                                              (@HAdd.hAdd Nat Nat Nat (@instHAdd Nat instAddNat)
                                                (@HAdd.hAdd Nat Nat Nat (@instHAdd Nat instAddNat)
                                                  (@OfNat.ofNat Nat (nat_lit 4) (instOfNatNat (nat_lit 4)))
                                                  (@OfNat.ofNat Nat (nat_lit 1) (instOfNatNat (nat_lit 1))))
                                                (@OfNat.ofNat Nat (nat_lit 1) (instOfNatNat (nat_lit 1))))
                                              (@OfNat.ofNat Nat (nat_lit 1) (instOfNatNat (nat_lit 1))))
                                            (@OfNat.ofNat Nat (nat_lit 1) (instOfNatNat (nat_lit 1))))
                                          (@OfNat.ofNat Nat (nat_lit 1) (instOfNatNat (nat_lit 1))))
                                        (@OfNat.ofNat Nat (nat_lit 1) (instOfNatNat (nat_lit 1))))
                                      (@OfNat.ofNat Nat (nat_lit 1) (instOfNatNat (nat_lit 1)))))
                                  (@FFL.FirstOrder.Semiformula.instLogicalConnective FFL.FirstOrder.Language.oRing Empty
                                    (@HAdd.hAdd Nat Nat Nat (@instHAdd Nat instAddNat)
                                      (@HAdd.hAdd Nat Nat Nat (@instHAdd Nat instAddNat)
                                        (@HAdd.hAdd Nat Nat Nat (@instHAdd Nat instAddNat)
                                          (@HAdd.hAdd Nat Nat Nat (@instHAdd Nat instAddNat)
                                            (@HAdd.hAdd Nat Nat Nat (@instHAdd Nat instAddNat)
                                              (@HAdd.hAdd Nat Nat Nat (@instHAdd Nat instAddNat)
                                                (@HAdd.hAdd Nat Nat Nat (@instHAdd Nat instAddNat)
                                                  (@OfNat.ofNat Nat (nat_lit 4) (instOfNatNat (nat_lit 4)))
                                                  (@OfNat.ofNat Nat (nat_lit 1) (instOfNatNat (nat_lit 1))))
                                                (@OfNat.ofNat Nat (nat_lit 1) (instOfNatNat (nat_lit 1))))
                                              (@OfNat.ofNat Nat (nat_lit 1) (instOfNatNat (nat_lit 1))))
                                            (@OfNat.ofNat Nat (nat_lit 1) (instOfNatNat (nat_lit 1))))
                                          (@OfNat.ofNat Nat (nat_lit 1) (instOfNatNat (nat_lit 1))))
                                        (@OfNat.ofNat Nat (nat_lit 1) (instOfNatNat (nat_lit 1))))
                                      (@OfNat.ofNat Nat (nat_lit 1) (instOfNatNat (nat_lit 1)))))))
                              (@FFL.FirstOrder.Rewriting.subst FFL.FirstOrder.Language.oRing Empty
                                (FFL.FirstOrder.Semiformula FFL.FirstOrder.Language.oRing Empty)
                                (Nat.succ (@OfNat.ofNat Nat (nat_lit 0) (instOfNatNat (nat_lit 0)))).succ.succ
                                (@HAdd.hAdd Nat Nat Nat (@instHAdd Nat instAddNat)
                                  (@HAdd.hAdd Nat Nat Nat (@instHAdd Nat instAddNat)
                                    (@HAdd.hAdd Nat Nat Nat (@instHAdd Nat instAddNat)
                                      (@HAdd.hAdd Nat Nat Nat (@instHAdd Nat instAddNat)
                                        (@HAdd.hAdd Nat Nat Nat (@instHAdd Nat instAddNat)
                                          (@HAdd.hAdd Nat Nat Nat (@instHAdd Nat instAddNat)
                                            (@HAdd.hAdd Nat Nat Nat (@instHAdd Nat instAddNat)
                                              (@OfNat.ofNat Nat (nat_lit 4) (instOfNatNat (nat_lit 4)))
                                              (@OfNat.ofNat Nat (nat_lit 1) (instOfNatNat (nat_lit 1))))
                                            (@OfNat.ofNat Nat (nat_lit 1) (instOfNatNat (nat_lit 1))))
                                          (@OfNat.ofNat Nat (nat_lit 1) (instOfNatNat (nat_lit 1))))
                                        (@OfNat.ofNat Nat (nat_lit 1) (instOfNatNat (nat_lit 1))))
                                      (@OfNat.ofNat Nat (nat_lit 1) (instOfNatNat (nat_lit 1))))
                                    (@OfNat.ofNat Nat (nat_lit 1) (instOfNatNat (nat_lit 1))))
                                  (@OfNat.ofNat Nat (nat_lit 1) (instOfNatNat (nat_lit 1))))
                                (@FFL.FirstOrder.instLCWQOfQuantifierOfLogicalConnectiveOfLogicalNeutral
                                  (FFL.FirstOrder.Semiformula FFL.FirstOrder.Language.oRing Empty)
                                  (@FFL.FirstOrder.Semiformula.instQuantifier FFL.FirstOrder.Language.oRing Empty)
                                  (@FFL.FirstOrder.Semiformula.instLogicalConnective FFL.FirstOrder.Language.oRing
                                    Empty)
                                  (@FFL.FirstOrder.Semiformula.instLogicalNeutral FFL.FirstOrder.Language.oRing Empty))
                                (@FFL.FirstOrder.Semiformula.instRewriting FFL.FirstOrder.Language.oRing Empty Empty)
                                (@FFL.FirstOrder.Bounding.HierarchySymbol.Semiformula.val FFL.FirstOrder.Language.oRing
                                  (@FFL.FirstOrder.Bounding.lt FFL.FirstOrder.Language.oRing
                                    (@FFL.FirstOrder.Language.ORing.toLT FFL.FirstOrder.Language.oRing
                                      FFL.FirstOrder.Arithmetic.instORingORing))
                                  Empty (@OfNat.ofNat Nat (nat_lit 3) (instOfNatNat (nat_lit 3)))
                                  (@FFL.FirstOrder.Bounding.HierarchySymbol.mk FFL.FirstOrder.Language.oRing
                                    (@FFL.FirstOrder.Bounding.lt FFL.FirstOrder.Language.oRing
                                      (@FFL.FirstOrder.Language.ORing.toLT FFL.FirstOrder.Language.oRing
                                        FFL.FirstOrder.Arithmetic.instORingORing))
                                    (@FFL.SigmaSymbol.sigma FFL.SigmaPiDelta FFL.SigmaPiDelta.instSigmaSymbol)
                                    (@OfNat.ofNat Nat (nat_lit 0) (instOfNatNat (nat_lit 0))))
                                  FFL.FirstOrder.Arithmetic.znthDef)
                                (@Matrix.vecCons
                                  (FFL.FirstOrder.Semiterm FFL.FirstOrder.Language.oRing Empty
                                    (@HAdd.hAdd Nat Nat Nat (@instHAdd Nat instAddNat)
                                      (@HAdd.hAdd Nat Nat Nat (@instHAdd Nat instAddNat)
                                        (@HAdd.hAdd Nat Nat Nat (@instHAdd Nat instAddNat)
                                          (@HAdd.hAdd Nat Nat Nat (@instHAdd Nat instAddNat)
                                            (@HAdd.hAdd Nat Nat Nat (@instHAdd Nat instAddNat)
                                              (@HAdd.hAdd Nat Nat Nat (@instHAdd Nat instAddNat)
                                                (@HAdd.hAdd Nat Nat Nat (@instHAdd Nat instAddNat)
                                                  (@OfNat.ofNat Nat (nat_lit 4) (instOfNatNat (nat_lit 4)))
                                                  (@OfNat.ofNat Nat (nat_lit 1) (instOfNatNat (nat_lit 1))))
                                                (@OfNat.ofNat Nat (nat_lit 1) (instOfNatNat (nat_lit 1))))
                                              (@OfNat.ofNat Nat (nat_lit 1) (instOfNatNat (nat_lit 1))))
                                            (@OfNat.ofNat Nat (nat_lit 1) (instOfNatNat (nat_lit 1))))
                                          (@OfNat.ofNat Nat (nat_lit 1) (instOfNatNat (nat_lit 1))))
                                        (@OfNat.ofNat Nat (nat_lit 1) (instOfNatNat (nat_lit 1))))
                                      (@OfNat.ofNat Nat (nat_lit 1) (instOfNatNat (nat_lit 1)))))
                                  (Nat.succ (@OfNat.ofNat Nat (nat_lit 0) (instOfNatNat (nat_lit 0)))).succ
                                  (@FFL.FirstOrder.Semiterm.bvar FFL.FirstOrder.Language.oRing Empty
                                    (@HAdd.hAdd Nat Nat Nat (@instHAdd Nat instAddNat)
                                      (@HAdd.hAdd Nat Nat Nat (@instHAdd Nat instAddNat)
                                        (@HAdd.hAdd Nat Nat Nat (@instHAdd Nat instAddNat)
                                          (@HAdd.hAdd Nat Nat Nat (@instHAdd Nat instAddNat)
                                            (@HAdd.hAdd Nat Nat Nat (@instHAdd Nat instAddNat)
                                              (@HAdd.hAdd Nat Nat Nat (@instHAdd Nat instAddNat)
                                                (@HAdd.hAdd Nat Nat Nat (@instHAdd Nat instAddNat)
                                                  (@OfNat.ofNat Nat (nat_lit 4) (instOfNatNat (nat_lit 4)))
                                                  (@OfNat.ofNat Nat (nat_lit 1) (instOfNatNat (nat_lit 1))))
                                                (@OfNat.ofNat Nat (nat_lit 1) (instOfNatNat (nat_lit 1))))
                                              (@OfNat.ofNat Nat (nat_lit 1) (instOfNatNat (nat_lit 1))))
                                            (@OfNat.ofNat Nat (nat_lit 1) (instOfNatNat (nat_lit 1))))
                                          (@OfNat.ofNat Nat (nat_lit 1) (instOfNatNat (nat_lit 1))))
                                        (@OfNat.ofNat Nat (nat_lit 1) (instOfNatNat (nat_lit 1))))
                                      (@OfNat.ofNat Nat (nat_lit 1) (instOfNatNat (nat_lit 1))))
                                    (@OfNat.ofNat
                                      (Fin
                                        (@HAdd.hAdd Nat Nat Nat (@instHAdd Nat instAddNat)
                                          (@HAdd.hAdd Nat Nat Nat (@instHAdd Nat instAddNat)
                                            (@HAdd.hAdd Nat Nat Nat (@instHAdd Nat instAddNat)
                                              (@HAdd.hAdd Nat Nat Nat (@instHAdd Nat instAddNat)
                                                (@HAdd.hAdd Nat Nat Nat (@instHAdd Nat instAddNat)
                                                  (@HAdd.hAdd Nat Nat Nat (@instHAdd Nat instAddNat)
                                                    (@HAdd.hAdd Nat Nat Nat (@instHAdd Nat instAddNat)
                                                      (@OfNat.ofNat Nat (nat_lit 4) (instOfNatNat (nat_lit 4)))
                                                      (@OfNat.ofNat Nat (nat_lit 1) (instOfNatNat (nat_lit 1))))
                                                    (@OfNat.ofNat Nat (nat_lit 1) (instOfNatNat (nat_lit 1))))
                                                  (@OfNat.ofNat Nat (nat_lit 1) (instOfNatNat (nat_lit 1))))
                                                (@OfNat.ofNat Nat (nat_lit 1) (instOfNatNat (nat_lit 1))))
                                              (@OfNat.ofNat Nat (nat_lit 1) (instOfNatNat (nat_lit 1))))
                                            (@OfNat.ofNat Nat (nat_lit 1) (instOfNatNat (nat_lit 1))))
                                          (@OfNat.ofNat Nat (nat_lit 1) (instOfNatNat (nat_lit 1)))))
                                      (nat_lit 0)
                                      (@Fin.instOfNat
                                        (@HAdd.hAdd Nat Nat Nat (@instHAdd Nat instAddNat)
                                          (@HAdd.hAdd Nat Nat Nat (@instHAdd Nat instAddNat)
                                            (@HAdd.hAdd Nat Nat Nat (@instHAdd Nat instAddNat)
                                              (@HAdd.hAdd Nat Nat Nat (@instHAdd Nat instAddNat)
                                                (@HAdd.hAdd Nat Nat Nat (@instHAdd Nat instAddNat)
                                                  (@HAdd.hAdd Nat Nat Nat (@instHAdd Nat instAddNat)
                                                    (@HAdd.hAdd Nat Nat Nat (@instHAdd Nat instAddNat)
                                                      (@OfNat.ofNat Nat (nat_lit 4) (instOfNatNat (nat_lit 4)))
                                                      (@OfNat.ofNat Nat (nat_lit 1) (instOfNatNat (nat_lit 1))))
                                                    (@OfNat.ofNat Nat (nat_lit 1) (instOfNatNat (nat_lit 1))))
                                                  (@OfNat.ofNat Nat (nat_lit 1) (instOfNatNat (nat_lit 1))))
                                                (@OfNat.ofNat Nat (nat_lit 1) (instOfNatNat (nat_lit 1))))
                                              (@OfNat.ofNat Nat (nat_lit 1) (instOfNatNat (nat_lit 1))))
                                            (@OfNat.ofNat Nat (nat_lit 1) (instOfNatNat (nat_lit 1))))
                                          (@OfNat.ofNat Nat (nat_lit 1) (instOfNatNat (nat_lit 1))))
                                        FFL.FirstOrder.Arithmetic.bumpNextDef._proof_7 (nat_lit 0))))
                                  (@Matrix.vecCons
                                    (FFL.FirstOrder.Semiterm FFL.FirstOrder.Language.oRing Empty
                                      (@HAdd.hAdd Nat Nat Nat (@instHAdd Nat instAddNat)
                                        (@HAdd.hAdd Nat Nat Nat (@instHAdd Nat instAddNat)
                                          (@HAdd.hAdd Nat Nat Nat (@instHAdd Nat instAddNat)
                                            (@HAdd.hAdd Nat Nat Nat (@instHAdd Nat instAddNat)
                                              (@HAdd.hAdd Nat Nat Nat (@instHAdd Nat instAddNat)
                                                (@HAdd.hAdd Nat Nat Nat (@instHAdd Nat instAddNat)
                                                  (@HAdd.hAdd Nat Nat Nat (@instHAdd Nat instAddNat)
                                                    (@OfNat.ofNat Nat (nat_lit 4) (instOfNatNat (nat_lit 4)))
                                                    (@OfNat.ofNat Nat (nat_lit 1) (instOfNatNat (nat_lit 1))))
                                                  (@OfNat.ofNat Nat (nat_lit 1) (instOfNatNat (nat_lit 1))))
                                                (@OfNat.ofNat Nat (nat_lit 1) (instOfNatNat (nat_lit 1))))
                                              (@OfNat.ofNat Nat (nat_lit 1) (instOfNatNat (nat_lit 1))))
                                            (@OfNat.ofNat Nat (nat_lit 1) (instOfNatNat (nat_lit 1))))
                                          (@OfNat.ofNat Nat (nat_lit 1) (instOfNatNat (nat_lit 1))))
                                        (@OfNat.ofNat Nat (nat_lit 1) (instOfNatNat (nat_lit 1)))))
                                    (Nat.succ (@OfNat.ofNat Nat (nat_lit 0) (instOfNatNat (nat_lit 0))))
                                    (@FFL.FirstOrder.Semiterm.bvar FFL.FirstOrder.Language.oRing Empty
                                      (@HAdd.hAdd Nat Nat Nat (@instHAdd Nat instAddNat)
                                        (@HAdd.hAdd Nat Nat Nat (@instHAdd Nat instAddNat)
                                          (@HAdd.hAdd Nat Nat Nat (@instHAdd Nat instAddNat)
                                            (@HAdd.hAdd Nat Nat Nat (@instHAdd Nat instAddNat)
                                              (@HAdd.hAdd Nat Nat Nat (@instHAdd Nat instAddNat)
                                                (@HAdd.hAdd Nat Nat Nat (@instHAdd Nat instAddNat)
                                                  (@HAdd.hAdd Nat Nat Nat (@instHAdd Nat instAddNat)
                                                    (@OfNat.ofNat Nat (nat_lit 4) (instOfNatNat (nat_lit 4)))
                                                    (@OfNat.ofNat Nat (nat_lit 1) (instOfNatNat (nat_lit 1))))
                                                  (@OfNat.ofNat Nat (nat_lit 1) (instOfNatNat (nat_lit 1))))
                                                (@OfNat.ofNat Nat (nat_lit 1) (instOfNatNat (nat_lit 1))))
                                              (@OfNat.ofNat Nat (nat_lit 1) (instOfNatNat (nat_lit 1))))
                                            (@OfNat.ofNat Nat (nat_lit 1) (instOfNatNat (nat_lit 1))))
                                          (@OfNat.ofNat Nat (nat_lit 1) (instOfNatNat (nat_lit 1))))
                                        (@OfNat.ofNat Nat (nat_lit 1) (instOfNatNat (nat_lit 1))))
                                      (@OfNat.ofNat
                                        (Fin
                                          (@HAdd.hAdd Nat Nat Nat (@instHAdd Nat instAddNat)
                                            (@HAdd.hAdd Nat Nat Nat (@instHAdd Nat instAddNat)
                                              (@HAdd.hAdd Nat Nat Nat (@instHAdd Nat instAddNat)
                                                (@HAdd.hAdd Nat Nat Nat (@instHAdd Nat instAddNat)
                                                  (@HAdd.hAdd Nat Nat Nat (@instHAdd Nat instAddNat)
                                                    (@HAdd.hAdd Nat Nat Nat (@instHAdd Nat instAddNat)
                                                      (@HAdd.hAdd Nat Nat Nat (@instHAdd Nat instAddNat)
                                                        (@OfNat.ofNat Nat (nat_lit 4) (instOfNatNat (nat_lit 4)))
                                                        (@OfNat.ofNat Nat (nat_lit 1) (instOfNatNat (nat_lit 1))))
                                                      (@OfNat.ofNat Nat (nat_lit 1) (instOfNatNat (nat_lit 1))))
                                                    (@OfNat.ofNat Nat (nat_lit 1) (instOfNatNat (nat_lit 1))))
                                                  (@OfNat.ofNat Nat (nat_lit 1) (instOfNatNat (nat_lit 1))))
                                                (@OfNat.ofNat Nat (nat_lit 1) (instOfNatNat (nat_lit 1))))
                                              (@OfNat.ofNat Nat (nat_lit 1) (instOfNatNat (nat_lit 1))))
                                            (@OfNat.ofNat Nat (nat_lit 1) (instOfNatNat (nat_lit 1)))))
                                        (nat_lit 10)
                                        (@Fin.instOfNat
                                          (@HAdd.hAdd Nat Nat Nat (@instHAdd Nat instAddNat)
                                            (@HAdd.hAdd Nat Nat Nat (@instHAdd Nat instAddNat)
                                              (@HAdd.hAdd Nat Nat Nat (@instHAdd Nat instAddNat)
                                                (@HAdd.hAdd Nat Nat Nat (@instHAdd Nat instAddNat)
                                                  (@HAdd.hAdd Nat Nat Nat (@instHAdd Nat instAddNat)
                                                    (@HAdd.hAdd Nat Nat Nat (@instHAdd Nat instAddNat)
                                                      (@HAdd.hAdd Nat Nat Nat (@instHAdd Nat instAddNat)
                                                        (@OfNat.ofNat Nat (nat_lit 4) (instOfNatNat (nat_lit 4)))
                                                        (@OfNat.ofNat Nat (nat_lit 1) (instOfNatNat (nat_lit 1))))
                                                      (@OfNat.ofNat Nat (nat_lit 1) (instOfNatNat (nat_lit 1))))
                                                    (@OfNat.ofNat Nat (nat_lit 1) (instOfNatNat (nat_lit 1))))
                                                  (@OfNat.ofNat Nat (nat_lit 1) (instOfNatNat (nat_lit 1))))
                                                (@OfNat.ofNat Nat (nat_lit 1) (instOfNatNat (nat_lit 1))))
                                              (@OfNat.ofNat Nat (nat_lit 1) (instOfNatNat (nat_lit 1))))
                                            (@OfNat.ofNat Nat (nat_lit 1) (instOfNatNat (nat_lit 1))))
                                          FFL.FirstOrder.Arithmetic.bumpNextDef._proof_7 (nat_lit 10))))
                                    (@Matrix.vecCons
                                      (FFL.FirstOrder.Semiterm FFL.FirstOrder.Language.oRing Empty
                                        (@HAdd.hAdd Nat Nat Nat (@instHAdd Nat instAddNat)
                                          (@HAdd.hAdd Nat Nat Nat (@instHAdd Nat instAddNat)
                                            (@HAdd.hAdd Nat Nat Nat (@instHAdd Nat instAddNat)
                                              (@HAdd.hAdd Nat Nat Nat (@instHAdd Nat instAddNat)
                                                (@HAdd.hAdd Nat Nat Nat (@instHAdd Nat instAddNat)
                                                  (@HAdd.hAdd Nat Nat Nat (@instHAdd Nat instAddNat)
                                                    (@HAdd.hAdd Nat Nat Nat (@instHAdd Nat instAddNat)
                                                      (@OfNat.ofNat Nat (nat_lit 4) (instOfNatNat (nat_lit 4)))
                                                      (@OfNat.ofNat Nat (nat_lit 1) (instOfNatNat (nat_lit 1))))
                                                    (@OfNat.ofNat Nat (nat_lit 1) (instOfNatNat (nat_lit 1))))
                                                  (@OfNat.ofNat Nat (nat_lit 1) (instOfNatNat (nat_lit 1))))
                                                (@OfNat.ofNat Nat (nat_lit 1) (instOfNatNat (nat_lit 1))))
                                              (@OfNat.ofNat Nat (nat_lit 1) (instOfNatNat (nat_lit 1))))
                                            (@OfNat.ofNat Nat (nat_lit 1) (instOfNatNat (nat_lit 1))))
                                          (@OfNat.ofNat Nat (nat_lit 1) (instOfNatNat (nat_lit 1)))))
                                      (@OfNat.ofNat Nat (nat_lit 0) (instOfNatNat (nat_lit 0)))
                                      (@FFL.FirstOrder.Semiterm.bvar FFL.FirstOrder.Language.oRing Empty
                                        (@HAdd.hAdd Nat Nat Nat (@instHAdd Nat instAddNat)
                                          (@HAdd.hAdd Nat Nat Nat (@instHAdd Nat instAddNat)
                                            (@HAdd.hAdd Nat Nat Nat (@instHAdd Nat instAddNat)
                                              (@HAdd.hAdd Nat Nat Nat (@instHAdd Nat instAddNat)
                                                (@HAdd.hAdd Nat Nat Nat (@instHAdd Nat instAddNat)
                                                  (@HAdd.hAdd Nat Nat Nat (@instHAdd Nat instAddNat)
                                                    (@HAdd.hAdd Nat Nat Nat (@instHAdd Nat instAddNat)
                                                      (@OfNat.ofNat Nat (nat_lit 4) (instOfNatNat (nat_lit 4)))
                                                      (@OfNat.ofNat Nat (nat_lit 1) (instOfNatNat (nat_lit 1))))
                                                    (@OfNat.ofNat Nat (nat_lit 1) (instOfNatNat (nat_lit 1))))
                                                  (@OfNat.ofNat Nat (nat_lit 1) (instOfNatNat (nat_lit 1))))
                                                (@OfNat.ofNat Nat (nat_lit 1) (instOfNatNat (nat_lit 1))))
                                              (@OfNat.ofNat Nat (nat_lit 1) (instOfNatNat (nat_lit 1))))
                                            (@OfNat.ofNat Nat (nat_lit 1) (instOfNatNat (nat_lit 1))))
                                          (@OfNat.ofNat Nat (nat_lit 1) (instOfNatNat (nat_lit 1))))
                                        (@OfNat.ofNat
                                          (Fin
                                            (@HAdd.hAdd Nat Nat Nat (@instHAdd Nat instAddNat)
                                              (@HAdd.hAdd Nat Nat Nat (@instHAdd Nat instAddNat)
                                                (@HAdd.hAdd Nat Nat Nat (@instHAdd Nat instAddNat)
                                                  (@HAdd.hAdd Nat Nat Nat (@instHAdd Nat instAddNat)
                                                    (@HAdd.hAdd Nat Nat Nat (@instHAdd Nat instAddNat)
                                                      (@HAdd.hAdd Nat Nat Nat (@instHAdd Nat instAddNat)
                                                        (@HAdd.hAdd Nat Nat Nat (@instHAdd Nat instAddNat)
                                                          (@OfNat.ofNat Nat (nat_lit 4) (instOfNatNat (nat_lit 4)))
                                                          (@OfNat.ofNat Nat (nat_lit 1) (instOfNatNat (nat_lit 1))))
                                                        (@OfNat.ofNat Nat (nat_lit 1) (instOfNatNat (nat_lit 1))))
                                                      (@OfNat.ofNat Nat (nat_lit 1) (instOfNatNat (nat_lit 1))))
                                                    (@OfNat.ofNat Nat (nat_lit 1) (instOfNatNat (nat_lit 1))))
                                                  (@OfNat.ofNat Nat (nat_lit 1) (instOfNatNat (nat_lit 1))))
                                                (@OfNat.ofNat Nat (nat_lit 1) (instOfNatNat (nat_lit 1))))
                                              (@OfNat.ofNat Nat (nat_lit 1) (instOfNatNat (nat_lit 1)))))
                                          (nat_lit 1)
                                          (@Fin.instOfNat
                                            (@HAdd.hAdd Nat Nat Nat (@instHAdd Nat instAddNat)
                                              (@HAdd.hAdd Nat Nat Nat (@instHAdd Nat instAddNat)
                                                (@HAdd.hAdd Nat Nat Nat (@instHAdd Nat instAddNat)
                                                  (@HAdd.hAdd Nat Nat Nat (@instHAdd Nat instAddNat)
                                                    (@HAdd.hAdd Nat Nat Nat (@instHAdd Nat instAddNat)
                                                      (@HAdd.hAdd Nat Nat Nat (@instHAdd Nat instAddNat)
                                                        (@HAdd.hAdd Nat Nat Nat (@instHAdd Nat instAddNat)
                                                          (@OfNat.ofNat Nat (nat_lit 4) (instOfNatNat (nat_lit 4)))
                                                          (@OfNat.ofNat Nat (nat_lit 1) (instOfNatNat (nat_lit 1))))
                                                        (@OfNat.ofNat Nat (nat_lit 1) (instOfNatNat (nat_lit 1))))
                                                      (@OfNat.ofNat Nat (nat_lit 1) (instOfNatNat (nat_lit 1))))
                                                    (@OfNat.ofNat Nat (nat_lit 1) (instOfNatNat (nat_lit 1))))
                                                  (@OfNat.ofNat Nat (nat_lit 1) (instOfNatNat (nat_lit 1))))
                                                (@OfNat.ofNat Nat (nat_lit 1) (instOfNatNat (nat_lit 1))))
                                              (@OfNat.ofNat Nat (nat_lit 1) (instOfNatNat (nat_lit 1))))
                                            FFL.FirstOrder.Arithmetic.bumpNextDef._proof_7 (nat_lit 1))))
                                      (@Matrix.vecEmpty
                                        (FFL.FirstOrder.Semiterm FFL.FirstOrder.Language.oRing Empty
                                          (@HAdd.hAdd Nat Nat Nat (@instHAdd Nat instAddNat)
                                            (@HAdd.hAdd Nat Nat Nat (@instHAdd Nat instAddNat)
                                              (@HAdd.hAdd Nat Nat Nat (@instHAdd Nat instAddNat)
                                                (@HAdd.hAdd Nat Nat Nat (@instHAdd Nat instAddNat)
                                                  (@HAdd.hAdd Nat Nat Nat (@instHAdd Nat instAddNat)
                                                    (@HAdd.hAdd Nat Nat Nat (@instHAdd Nat instAddNat)
                                                      (@HAdd.hAdd Nat Nat Nat (@instHAdd Nat instAddNat)
                                                        (@OfNat.ofNat Nat (nat_lit 4) (instOfNatNat (nat_lit 4)))
                                                        (@OfNat.ofNat Nat (nat_lit 1) (instOfNatNat (nat_lit 1))))
                                                      (@OfNat.ofNat Nat (nat_lit 1) (instOfNatNat (nat_lit 1))))
                                                    (@OfNat.ofNat Nat (nat_lit 1) (instOfNatNat (nat_lit 1))))
                                                  (@OfNat.ofNat Nat (nat_lit 1) (instOfNatNat (nat_lit 1))))
                                                (@OfNat.ofNat Nat (nat_lit 1) (instOfNatNat (nat_lit 1))))
                                              (@OfNat.ofNat Nat (nat_lit 1) (instOfNatNat (nat_lit 1))))
                                            (@OfNat.ofNat Nat (nat_lit 1) (instOfNatNat (nat_lit 1))))))))))
                              (@FFL.FirstOrder.Semiformula.Operator.operator FFL.FirstOrder.Language.oRing Empty
                                (@HAdd.hAdd Nat Nat Nat (@instHAdd Nat instAddNat)
                                  (@HAdd.hAdd Nat Nat Nat (@instHAdd Nat instAddNat)
                                    (@HAdd.hAdd Nat Nat Nat (@instHAdd Nat instAddNat)
                                      (@HAdd.hAdd Nat Nat Nat (@instHAdd Nat instAddNat)
                                        (@HAdd.hAdd Nat Nat Nat (@instHAdd Nat instAddNat)
                                          (@HAdd.hAdd Nat Nat Nat (@instHAdd Nat instAddNat)
                                            (@HAdd.hAdd Nat Nat Nat (@instHAdd Nat instAddNat)
                                              (@OfNat.ofNat Nat (nat_lit 4) (instOfNatNat (nat_lit 4)))
                                              (@OfNat.ofNat Nat (nat_lit 1) (instOfNatNat (nat_lit 1))))
                                            (@OfNat.ofNat Nat (nat_lit 1) (instOfNatNat (nat_lit 1))))
                                          (@OfNat.ofNat Nat (nat_lit 1) (instOfNatNat (nat_lit 1))))
                                        (@OfNat.ofNat Nat (nat_lit 1) (instOfNatNat (nat_lit 1))))
                                      (@OfNat.ofNat Nat (nat_lit 1) (instOfNatNat (nat_lit 1))))
                                    (@OfNat.ofNat Nat (nat_lit 1) (instOfNatNat (nat_lit 1))))
                                  (@OfNat.ofNat Nat (nat_lit 1) (instOfNatNat (nat_lit 1))))
                                (@OfNat.ofNat Nat (nat_lit 2) (instOfNatNat (nat_lit 2)))
                                (@FFL.FirstOrder.Semiformula.Operator.Eq.eq FFL.FirstOrder.Language.oRing
                                  (@FFL.FirstOrder.Semiformula.Operator.instEqOfEq FFL.FirstOrder.Language.oRing
                                    (@FFL.FirstOrder.Language.ORing.toEq FFL.FirstOrder.Language.oRing
                                      FFL.FirstOrder.Arithmetic.instORingORing)))
                                (@Matrix.vecCons
                                  (FFL.FirstOrder.Semiterm FFL.FirstOrder.Language.oRing Empty
                                    (@HAdd.hAdd Nat Nat Nat (@instHAdd Nat instAddNat)
                                      (@HAdd.hAdd Nat Nat Nat (@instHAdd Nat instAddNat)
                                        (@HAdd.hAdd Nat Nat Nat (@instHAdd Nat instAddNat)
                                          (@HAdd.hAdd Nat Nat Nat (@instHAdd Nat instAddNat)
                                            (@HAdd.hAdd Nat Nat Nat (@instHAdd Nat instAddNat)
                                              (@HAdd.hAdd Nat Nat Nat (@instHAdd Nat instAddNat)
                                                (@HAdd.hAdd Nat Nat Nat (@instHAdd Nat instAddNat)
                                                  (@OfNat.ofNat Nat (nat_lit 4) (instOfNatNat (nat_lit 4)))
                                                  (@OfNat.ofNat Nat (nat_lit 1) (instOfNatNat (nat_lit 1))))
                                                (@OfNat.ofNat Nat (nat_lit 1) (instOfNatNat (nat_lit 1))))
                                              (@OfNat.ofNat Nat (nat_lit 1) (instOfNatNat (nat_lit 1))))
                                            (@OfNat.ofNat Nat (nat_lit 1) (instOfNatNat (nat_lit 1))))
                                          (@OfNat.ofNat Nat (nat_lit 1) (instOfNatNat (nat_lit 1))))
                                        (@OfNat.ofNat Nat (nat_lit 1) (instOfNatNat (nat_lit 1))))
                                      (@OfNat.ofNat Nat (nat_lit 1) (instOfNatNat (nat_lit 1)))))
                                  (@OfNat.ofNat Nat (nat_lit 1) (instOfNatNat (nat_lit 1)))
                                  (@FFL.FirstOrder.Semiterm.bvar FFL.FirstOrder.Language.oRing Empty
                                    (@HAdd.hAdd Nat Nat Nat (@instHAdd Nat instAddNat)
                                      (@HAdd.hAdd Nat Nat Nat (@instHAdd Nat instAddNat)
                                        (@HAdd.hAdd Nat Nat Nat (@instHAdd Nat instAddNat)
                                          (@HAdd.hAdd Nat Nat Nat (@instHAdd Nat instAddNat)
                                            (@HAdd.hAdd Nat Nat Nat (@instHAdd Nat instAddNat)
                                              (@HAdd.hAdd Nat Nat Nat (@instHAdd Nat instAddNat)
                                                (@HAdd.hAdd Nat Nat Nat (@instHAdd Nat instAddNat)
                                                  (@OfNat.ofNat Nat (nat_lit 4) (instOfNatNat (nat_lit 4)))
                                                  (@OfNat.ofNat Nat (nat_lit 1) (instOfNatNat (nat_lit 1))))
                                                (@OfNat.ofNat Nat (nat_lit 1) (instOfNatNat (nat_lit 1))))
                                              (@OfNat.ofNat Nat (nat_lit 1) (instOfNatNat (nat_lit 1))))
                                            (@OfNat.ofNat Nat (nat_lit 1) (instOfNatNat (nat_lit 1))))
                                          (@OfNat.ofNat Nat (nat_lit 1) (instOfNatNat (nat_lit 1))))
                                        (@OfNat.ofNat Nat (nat_lit 1) (instOfNatNat (nat_lit 1))))
                                      (@OfNat.ofNat Nat (nat_lit 1) (instOfNatNat (nat_lit 1))))
                                    (@OfNat.ofNat
                                      (Fin
                                        (@HAdd.hAdd Nat Nat Nat (@instHAdd Nat instAddNat)
                                          (@HAdd.hAdd Nat Nat Nat (@instHAdd Nat instAddNat)
                                            (@HAdd.hAdd Nat Nat Nat (@instHAdd Nat instAddNat)
                                              (@HAdd.hAdd Nat Nat Nat (@instHAdd Nat instAddNat)
                                                (@HAdd.hAdd Nat Nat Nat (@instHAdd Nat instAddNat)
                                                  (@HAdd.hAdd Nat Nat Nat (@instHAdd Nat instAddNat)
                                                    (@HAdd.hAdd Nat Nat Nat (@instHAdd Nat instAddNat)
                                                      (@OfNat.ofNat Nat (nat_lit 4) (instOfNatNat (nat_lit 4)))
                                                      (@OfNat.ofNat Nat (nat_lit 1) (instOfNatNat (nat_lit 1))))
                                                    (@OfNat.ofNat Nat (nat_lit 1) (instOfNatNat (nat_lit 1))))
                                                  (@OfNat.ofNat Nat (nat_lit 1) (instOfNatNat (nat_lit 1))))
                                                (@OfNat.ofNat Nat (nat_lit 1) (instOfNatNat (nat_lit 1))))
                                              (@OfNat.ofNat Nat (nat_lit 1) (instOfNatNat (nat_lit 1))))
                                            (@OfNat.ofNat Nat (nat_lit 1) (instOfNatNat (nat_lit 1))))
                                          (@OfNat.ofNat Nat (nat_lit 1) (instOfNatNat (nat_lit 1)))))
                                      (nat_lit 7)
                                      (@Fin.instOfNat
                                        (@HAdd.hAdd Nat Nat Nat (@instHAdd Nat instAddNat)
                                          (@HAdd.hAdd Nat Nat Nat (@instHAdd Nat instAddNat)
                                            (@HAdd.hAdd Nat Nat Nat (@instHAdd Nat instAddNat)
                                              (@HAdd.hAdd Nat Nat Nat (@instHAdd Nat instAddNat)
                                                (@HAdd.hAdd Nat Nat Nat (@instHAdd Nat instAddNat)
                                                  (@HAdd.hAdd Nat Nat Nat (@instHAdd Nat instAddNat)
                                                    (@HAdd.hAdd Nat Nat Nat (@instHAdd Nat instAddNat)
                                                      (@OfNat.ofNat Nat (nat_lit 4) (instOfNatNat (nat_lit 4)))
                                                      (@OfNat.ofNat Nat (nat_lit 1) (instOfNatNat (nat_lit 1))))
                                                    (@OfNat.ofNat Nat (nat_lit 1) (instOfNatNat (nat_lit 1))))
                                                  (@OfNat.ofNat Nat (nat_lit 1) (instOfNatNat (nat_lit 1))))
                                                (@OfNat.ofNat Nat (nat_lit 1) (instOfNatNat (nat_lit 1))))
                                              (@OfNat.ofNat Nat (nat_lit 1) (instOfNatNat (nat_lit 1))))
                                            (@OfNat.ofNat Nat (nat_lit 1) (instOfNatNat (nat_lit 1))))
                                          (@OfNat.ofNat Nat (nat_lit 1) (instOfNatNat (nat_lit 1))))
                                        FFL.FirstOrder.Arithmetic.bumpNextDef._proof_7 (nat_lit 7))))
                                  (@Matrix.vecCons
                                    (FFL.FirstOrder.Semiterm FFL.FirstOrder.Language.oRing Empty
                                      (@HAdd.hAdd Nat Nat Nat (@instHAdd Nat instAddNat)
                                        (@HAdd.hAdd Nat Nat Nat (@instHAdd Nat instAddNat)
                                          (@HAdd.hAdd Nat Nat Nat (@instHAdd Nat instAddNat)
                                            (@HAdd.hAdd Nat Nat Nat (@instHAdd Nat instAddNat)
                                              (@HAdd.hAdd Nat Nat Nat (@instHAdd Nat instAddNat)
                                                (@HAdd.hAdd Nat Nat Nat (@instHAdd Nat instAddNat)
                                                  (@HAdd.hAdd Nat Nat Nat (@instHAdd Nat instAddNat)
                                                    (@OfNat.ofNat Nat (nat_lit 4) (instOfNatNat (nat_lit 4)))
                                                    (@OfNat.ofNat Nat (nat_lit 1) (instOfNatNat (nat_lit 1))))
                                                  (@OfNat.ofNat Nat (nat_lit 1) (instOfNatNat (nat_lit 1))))
                                                (@OfNat.ofNat Nat (nat_lit 1) (instOfNatNat (nat_lit 1))))
                                              (@OfNat.ofNat Nat (nat_lit 1) (instOfNatNat (nat_lit 1))))
                                            (@OfNat.ofNat Nat (nat_lit 1) (instOfNatNat (nat_lit 1))))
                                          (@OfNat.ofNat Nat (nat_lit 1) (instOfNatNat (nat_lit 1))))
                                        (@OfNat.ofNat Nat (nat_lit 1) (instOfNatNat (nat_lit 1)))))
                                    (@OfNat.ofNat Nat (nat_lit 0) (instOfNatNat (nat_lit 0)))
                                    (@FFL.FirstOrder.Semiterm.Operator.operator FFL.FirstOrder.Language.oRing Empty
                                      (@HAdd.hAdd Nat Nat Nat (@instHAdd Nat instAddNat)
                                        (@HAdd.hAdd Nat Nat Nat (@instHAdd Nat instAddNat)
                                          (@HAdd.hAdd Nat Nat Nat (@instHAdd Nat instAddNat)
                                            (@HAdd.hAdd Nat Nat Nat (@instHAdd Nat instAddNat)
                                              (@HAdd.hAdd Nat Nat Nat (@instHAdd Nat instAddNat)
                                                (@HAdd.hAdd Nat Nat Nat (@instHAdd Nat instAddNat)
                                                  (@HAdd.hAdd Nat Nat Nat (@instHAdd Nat instAddNat)
                                                    (@OfNat.ofNat Nat (nat_lit 4) (instOfNatNat (nat_lit 4)))
                                                    (@OfNat.ofNat Nat (nat_lit 1) (instOfNatNat (nat_lit 1))))
                                                  (@OfNat.ofNat Nat (nat_lit 1) (instOfNatNat (nat_lit 1))))
                                                (@OfNat.ofNat Nat (nat_lit 1) (instOfNatNat (nat_lit 1))))
                                              (@OfNat.ofNat Nat (nat_lit 1) (instOfNatNat (nat_lit 1))))
                                            (@OfNat.ofNat Nat (nat_lit 1) (instOfNatNat (nat_lit 1))))
                                          (@OfNat.ofNat Nat (nat_lit 1) (instOfNatNat (nat_lit 1))))
                                        (@OfNat.ofNat Nat (nat_lit 1) (instOfNatNat (nat_lit 1))))
                                      (@OfNat.ofNat Nat (nat_lit 2) (instOfNatNat (nat_lit 2)))
                                      (@FFL.FirstOrder.Semiterm.Operator.Add.add FFL.FirstOrder.Language.oRing
                                        (@FFL.FirstOrder.Semiterm.Operator.instAddOfAdd FFL.FirstOrder.Language.oRing
                                          (@FFL.FirstOrder.Language.ORing.toAdd FFL.FirstOrder.Language.oRing
                                            FFL.FirstOrder.Arithmetic.instORingORing)))
                                      (@Matrix.vecCons
                                        (FFL.FirstOrder.Semiterm FFL.FirstOrder.Language.oRing Empty
                                          (@HAdd.hAdd Nat Nat Nat (@instHAdd Nat instAddNat)
                                            (@HAdd.hAdd Nat Nat Nat (@instHAdd Nat instAddNat)
                                              (@HAdd.hAdd Nat Nat Nat (@instHAdd Nat instAddNat)
                                                (@HAdd.hAdd Nat Nat Nat (@instHAdd Nat instAddNat)
                                                  (@HAdd.hAdd Nat Nat Nat (@instHAdd Nat instAddNat)
                                                    (@HAdd.hAdd Nat Nat Nat (@instHAdd Nat instAddNat)
                                                      (@HAdd.hAdd Nat Nat Nat (@instHAdd Nat instAddNat)
                                                        (@OfNat.ofNat Nat (nat_lit 4) (instOfNatNat (nat_lit 4)))
                                                        (@OfNat.ofNat Nat (nat_lit 1) (instOfNatNat (nat_lit 1))))
                                                      (@OfNat.ofNat Nat (nat_lit 1) (instOfNatNat (nat_lit 1))))
                                                    (@OfNat.ofNat Nat (nat_lit 1) (instOfNatNat (nat_lit 1))))
                                                  (@OfNat.ofNat Nat (nat_lit 1) (instOfNatNat (nat_lit 1))))
                                                (@OfNat.ofNat Nat (nat_lit 1) (instOfNatNat (nat_lit 1))))
                                              (@OfNat.ofNat Nat (nat_lit 1) (instOfNatNat (nat_lit 1))))
                                            (@OfNat.ofNat Nat (nat_lit 1) (instOfNatNat (nat_lit 1)))))
                                        (@OfNat.ofNat Nat (nat_lit 1) (instOfNatNat (nat_lit 1)))
                                        (@FFL.FirstOrder.Semiterm.Operator.operator FFL.FirstOrder.Language.oRing Empty
                                          (@HAdd.hAdd Nat Nat Nat (@instHAdd Nat instAddNat)
                                            (@HAdd.hAdd Nat Nat Nat (@instHAdd Nat instAddNat)
                                              (@HAdd.hAdd Nat Nat Nat (@instHAdd Nat instAddNat)
                                                (@HAdd.hAdd Nat Nat Nat (@instHAdd Nat instAddNat)
                                                  (@HAdd.hAdd Nat Nat Nat (@instHAdd Nat instAddNat)
                                                    (@HAdd.hAdd Nat Nat Nat (@instHAdd Nat instAddNat)
                                                      (@HAdd.hAdd Nat Nat Nat (@instHAdd Nat instAddNat)
                                                        (@OfNat.ofNat Nat (nat_lit 4) (instOfNatNat (nat_lit 4)))
                                                        (@OfNat.ofNat Nat (nat_lit 1) (instOfNatNat (nat_lit 1))))
                                                      (@OfNat.ofNat Nat (nat_lit 1) (instOfNatNat (nat_lit 1))))
                                                    (@OfNat.ofNat Nat (nat_lit 1) (instOfNatNat (nat_lit 1))))
                                                  (@OfNat.ofNat Nat (nat_lit 1) (instOfNatNat (nat_lit 1))))
                                                (@OfNat.ofNat Nat (nat_lit 1) (instOfNatNat (nat_lit 1))))
                                              (@OfNat.ofNat Nat (nat_lit 1) (instOfNatNat (nat_lit 1))))
                                            (@OfNat.ofNat Nat (nat_lit 1) (instOfNatNat (nat_lit 1))))
                                          (@OfNat.ofNat Nat (nat_lit 2) (instOfNatNat (nat_lit 2)))
                                          (@FFL.FirstOrder.Semiterm.Operator.Mul.mul FFL.FirstOrder.Language.oRing
                                            (@FFL.FirstOrder.Semiterm.Operator.instMulOfMul
                                              FFL.FirstOrder.Language.oRing
                                              (@FFL.FirstOrder.Language.ORing.toMul FFL.FirstOrder.Language.oRing
                                                FFL.FirstOrder.Arithmetic.instORingORing)))
                                          (@Matrix.vecCons
                                            (FFL.FirstOrder.Semiterm FFL.FirstOrder.Language.oRing Empty
                                              (@HAdd.hAdd Nat Nat Nat (@instHAdd Nat instAddNat)
                                                (@HAdd.hAdd Nat Nat Nat (@instHAdd Nat instAddNat)
                                                  (@HAdd.hAdd Nat Nat Nat (@instHAdd Nat instAddNat)
                                                    (@HAdd.hAdd Nat Nat Nat (@instHAdd Nat instAddNat)
                                                      (@HAdd.hAdd Nat Nat Nat (@instHAdd Nat instAddNat)
                                                        (@HAdd.hAdd Nat Nat Nat (@instHAdd Nat instAddNat)
                                                          (@HAdd.hAdd Nat Nat Nat (@instHAdd Nat instAddNat)
                                                            (@OfNat.ofNat Nat (nat_lit 4) (instOfNatNat (nat_lit 4)))
                                                            (@OfNat.ofNat Nat (nat_lit 1) (instOfNatNat (nat_lit 1))))
                                                          (@OfNat.ofNat Nat (nat_lit 1) (instOfNatNat (nat_lit 1))))
                                                        (@OfNat.ofNat Nat (nat_lit 1) (instOfNatNat (nat_lit 1))))
                                                      (@OfNat.ofNat Nat (nat_lit 1) (instOfNatNat (nat_lit 1))))
                                                    (@OfNat.ofNat Nat (nat_lit 1) (instOfNatNat (nat_lit 1))))
                                                  (@OfNat.ofNat Nat (nat_lit 1) (instOfNatNat (nat_lit 1))))
                                                (@OfNat.ofNat Nat (nat_lit 1) (instOfNatNat (nat_lit 1)))))
                                            (@OfNat.ofNat Nat (nat_lit 1) (instOfNatNat (nat_lit 1)))
                                            (@FFL.FirstOrder.Semiterm.bvar FFL.FirstOrder.Language.oRing Empty
                                              (@HAdd.hAdd Nat Nat Nat (@instHAdd Nat instAddNat)
                                                (@HAdd.hAdd Nat Nat Nat (@instHAdd Nat instAddNat)
                                                  (@HAdd.hAdd Nat Nat Nat (@instHAdd Nat instAddNat)
                                                    (@HAdd.hAdd Nat Nat Nat (@instHAdd Nat instAddNat)
                                                      (@HAdd.hAdd Nat Nat Nat (@instHAdd Nat instAddNat)
                                                        (@HAdd.hAdd Nat Nat Nat (@instHAdd Nat instAddNat)
                                                          (@HAdd.hAdd Nat Nat Nat (@instHAdd Nat instAddNat)
                                                            (@OfNat.ofNat Nat (nat_lit 4) (instOfNatNat (nat_lit 4)))
                                                            (@OfNat.ofNat Nat (nat_lit 1) (instOfNatNat (nat_lit 1))))
                                                          (@OfNat.ofNat Nat (nat_lit 1) (instOfNatNat (nat_lit 1))))
                                                        (@OfNat.ofNat Nat (nat_lit 1) (instOfNatNat (nat_lit 1))))
                                                      (@OfNat.ofNat Nat (nat_lit 1) (instOfNatNat (nat_lit 1))))
                                                    (@OfNat.ofNat Nat (nat_lit 1) (instOfNatNat (nat_lit 1))))
                                                  (@OfNat.ofNat Nat (nat_lit 1) (instOfNatNat (nat_lit 1))))
                                                (@OfNat.ofNat Nat (nat_lit 1) (instOfNatNat (nat_lit 1))))
                                              (@OfNat.ofNat
                                                (Fin
                                                  (@HAdd.hAdd Nat Nat Nat (@instHAdd Nat instAddNat)
                                                    (@HAdd.hAdd Nat Nat Nat (@instHAdd Nat instAddNat)
                                                      (@HAdd.hAdd Nat Nat Nat (@instHAdd Nat instAddNat)
                                                        (@HAdd.hAdd Nat Nat Nat (@instHAdd Nat instAddNat)
                                                          (@HAdd.hAdd Nat Nat Nat (@instHAdd Nat instAddNat)
                                                            (@HAdd.hAdd Nat Nat Nat (@instHAdd Nat instAddNat)
                                                              (@HAdd.hAdd Nat Nat Nat (@instHAdd Nat instAddNat)
                                                                (@OfNat.ofNat Nat (nat_lit 4)
                                                                  (instOfNatNat (nat_lit 4)))
                                                                (@OfNat.ofNat Nat (nat_lit 1)
                                                                  (instOfNatNat (nat_lit 1))))
                                                              (@OfNat.ofNat Nat (nat_lit 1) (instOfNatNat (nat_lit 1))))
                                                            (@OfNat.ofNat Nat (nat_lit 1) (instOfNatNat (nat_lit 1))))
                                                          (@OfNat.ofNat Nat (nat_lit 1) (instOfNatNat (nat_lit 1))))
                                                        (@OfNat.ofNat Nat (nat_lit 1) (instOfNatNat (nat_lit 1))))
                                                      (@OfNat.ofNat Nat (nat_lit 1) (instOfNatNat (nat_lit 1))))
                                                    (@OfNat.ofNat Nat (nat_lit 1) (instOfNatNat (nat_lit 1)))))
                                                (nat_lit 2)
                                                (@Fin.instOfNat
                                                  (@HAdd.hAdd Nat Nat Nat (@instHAdd Nat instAddNat)
                                                    (@HAdd.hAdd Nat Nat Nat (@instHAdd Nat instAddNat)
                                                      (@HAdd.hAdd Nat Nat Nat (@instHAdd Nat instAddNat)
                                                        (@HAdd.hAdd Nat Nat Nat (@instHAdd Nat instAddNat)
                                                          (@HAdd.hAdd Nat Nat Nat (@instHAdd Nat instAddNat)
                                                            (@HAdd.hAdd Nat Nat Nat (@instHAdd Nat instAddNat)
                                                              (@HAdd.hAdd Nat Nat Nat (@instHAdd Nat instAddNat)
                                                                (@OfNat.ofNat Nat (nat_lit 4)
                                                                  (instOfNatNat (nat_lit 4)))
                                                                (@OfNat.ofNat Nat (nat_lit 1)
                                                                  (instOfNatNat (nat_lit 1))))
                                                              (@OfNat.ofNat Nat (nat_lit 1) (instOfNatNat (nat_lit 1))))
                                                            (@OfNat.ofNat Nat (nat_lit 1) (instOfNatNat (nat_lit 1))))
                                                          (@OfNat.ofNat Nat (nat_lit 1) (instOfNatNat (nat_lit 1))))
                                                        (@OfNat.ofNat Nat (nat_lit 1) (instOfNatNat (nat_lit 1))))
                                                      (@OfNat.ofNat Nat (nat_lit 1) (instOfNatNat (nat_lit 1))))
                                                    (@OfNat.ofNat Nat (nat_lit 1) (instOfNatNat (nat_lit 1))))
                                                  FFL.FirstOrder.Arithmetic.bumpNextDef._proof_7 (nat_lit 2))))
                                            (@Matrix.vecCons
                                              (FFL.FirstOrder.Semiterm FFL.FirstOrder.Language.oRing Empty
                                                (@HAdd.hAdd Nat Nat Nat (@instHAdd Nat instAddNat)
                                                  (@HAdd.hAdd Nat Nat Nat (@instHAdd Nat instAddNat)
                                                    (@HAdd.hAdd Nat Nat Nat (@instHAdd Nat instAddNat)
                                                      (@HAdd.hAdd Nat Nat Nat (@instHAdd Nat instAddNat)
                                                        (@HAdd.hAdd Nat Nat Nat (@instHAdd Nat instAddNat)
                                                          (@HAdd.hAdd Nat Nat Nat (@instHAdd Nat instAddNat)
                                                            (@HAdd.hAdd Nat Nat Nat (@instHAdd Nat instAddNat)
                                                              (@OfNat.ofNat Nat (nat_lit 4) (instOfNatNat (nat_lit 4)))
                                                              (@OfNat.ofNat Nat (nat_lit 1) (instOfNatNat (nat_lit 1))))
                                                            (@OfNat.ofNat Nat (nat_lit 1) (instOfNatNat (nat_lit 1))))
                                                          (@OfNat.ofNat Nat (nat_lit 1) (instOfNatNat (nat_lit 1))))
                                                        (@OfNat.ofNat Nat (nat_lit 1) (instOfNatNat (nat_lit 1))))
                                                      (@OfNat.ofNat Nat (nat_lit 1) (instOfNatNat (nat_lit 1))))
                                                    (@OfNat.ofNat Nat (nat_lit 1) (instOfNatNat (nat_lit 1))))
                                                  (@OfNat.ofNat Nat (nat_lit 1) (instOfNatNat (nat_lit 1)))))
                                              (@OfNat.ofNat Nat (nat_lit 0) (instOfNatNat (nat_lit 0)))
                                              (@FFL.FirstOrder.Semiterm.bvar FFL.FirstOrder.Language.oRing Empty
                                                (@HAdd.hAdd Nat Nat Nat (@instHAdd Nat instAddNat)
                                                  (@HAdd.hAdd Nat Nat Nat (@instHAdd Nat instAddNat)
                                                    (@HAdd.hAdd Nat Nat Nat (@instHAdd Nat instAddNat)
                                                      (@HAdd.hAdd Nat Nat Nat (@instHAdd Nat instAddNat)
                                                        (@HAdd.hAdd Nat Nat Nat (@instHAdd Nat instAddNat)
                                                          (@HAdd.hAdd Nat Nat Nat (@instHAdd Nat instAddNat)
                                                            (@HAdd.hAdd Nat Nat Nat (@instHAdd Nat instAddNat)
                                                              (@OfNat.ofNat Nat (nat_lit 4) (instOfNatNat (nat_lit 4)))
                                                              (@OfNat.ofNat Nat (nat_lit 1) (instOfNatNat (nat_lit 1))))
                                                            (@OfNat.ofNat Nat (nat_lit 1) (instOfNatNat (nat_lit 1))))
                                                          (@OfNat.ofNat Nat (nat_lit 1) (instOfNatNat (nat_lit 1))))
                                                        (@OfNat.ofNat Nat (nat_lit 1) (instOfNatNat (nat_lit 1))))
                                                      (@OfNat.ofNat Nat (nat_lit 1) (instOfNatNat (nat_lit 1))))
                                                    (@OfNat.ofNat Nat (nat_lit 1) (instOfNatNat (nat_lit 1))))
                                                  (@OfNat.ofNat Nat (nat_lit 1) (instOfNatNat (nat_lit 1))))
                                                (@OfNat.ofNat
                                                  (Fin
                                                    (@HAdd.hAdd Nat Nat Nat (@instHAdd Nat instAddNat)
                                                      (@HAdd.hAdd Nat Nat Nat (@instHAdd Nat instAddNat)
                                                        (@HAdd.hAdd Nat Nat Nat (@instHAdd Nat instAddNat)
                                                          (@HAdd.hAdd Nat Nat Nat (@instHAdd Nat instAddNat)
                                                            (@HAdd.hAdd Nat Nat Nat (@instHAdd Nat instAddNat)
                                                              (@HAdd.hAdd Nat Nat Nat (@instHAdd Nat instAddNat)
                                                                (@HAdd.hAdd Nat Nat Nat (@instHAdd Nat instAddNat)
                                                                  (@OfNat.ofNat Nat (nat_lit 4)
                                                                    (instOfNatNat (nat_lit 4)))
                                                                  (@OfNat.ofNat Nat (nat_lit 1)
                                                                    (instOfNatNat (nat_lit 1))))
                                                                (@OfNat.ofNat Nat (nat_lit 1)
                                                                  (instOfNatNat (nat_lit 1))))
                                                              (@OfNat.ofNat Nat (nat_lit 1) (instOfNatNat (nat_lit 1))))
                                                            (@OfNat.ofNat Nat (nat_lit 1) (instOfNatNat (nat_lit 1))))
                                                          (@OfNat.ofNat Nat (nat_lit 1) (instOfNatNat (nat_lit 1))))
                                                        (@OfNat.ofNat Nat (nat_lit 1) (instOfNatNat (nat_lit 1))))
                                                      (@OfNat.ofNat Nat (nat_lit 1) (instOfNatNat (nat_lit 1)))))
                                                  (nat_lit 3)
                                                  (@Fin.instOfNat
                                                    (@HAdd.hAdd Nat Nat Nat (@instHAdd Nat instAddNat)
                                                      (@HAdd.hAdd Nat Nat Nat (@instHAdd Nat instAddNat)
                                                        (@HAdd.hAdd Nat Nat Nat (@instHAdd Nat instAddNat)
                                                          (@HAdd.hAdd Nat Nat Nat (@instHAdd Nat instAddNat)
                                                            (@HAdd.hAdd Nat Nat Nat (@instHAdd Nat instAddNat)
                                                              (@HAdd.hAdd Nat Nat Nat (@instHAdd Nat instAddNat)
                                                                (@HAdd.hAdd Nat Nat Nat (@instHAdd Nat instAddNat)
                                                                  (@OfNat.ofNat Nat (nat_lit 4)
                                                                    (instOfNatNat (nat_lit 4)))
                                                                  (@OfNat.ofNat Nat (nat_lit 1)
                                                                    (instOfNatNat (nat_lit 1))))
                                                                (@OfNat.ofNat Nat (nat_lit 1)
                                                                  (instOfNatNat (nat_lit 1))))
                                                              (@OfNat.ofNat Nat (nat_lit 1) (instOfNatNat (nat_lit 1))))
                                                            (@OfNat.ofNat Nat (nat_lit 1) (instOfNatNat (nat_lit 1))))
                                                          (@OfNat.ofNat Nat (nat_lit 1) (instOfNatNat (nat_lit 1))))
                                                        (@OfNat.ofNat Nat (nat_lit 1) (instOfNatNat (nat_lit 1))))
                                                      (@OfNat.ofNat Nat (nat_lit 1) (instOfNatNat (nat_lit 1))))
                                                    FFL.FirstOrder.Arithmetic.bumpNextDef._proof_7 (nat_lit 3))))
                                              (@Matrix.vecEmpty
                                                (FFL.FirstOrder.Semiterm FFL.FirstOrder.Language.oRing Empty
                                                  (@HAdd.hAdd Nat Nat Nat (@instHAdd Nat instAddNat)
                                                    (@HAdd.hAdd Nat Nat Nat (@instHAdd Nat instAddNat)
                                                      (@HAdd.hAdd Nat Nat Nat (@instHAdd Nat instAddNat)
                                                        (@HAdd.hAdd Nat Nat Nat (@instHAdd Nat instAddNat)
                                                          (@HAdd.hAdd Nat Nat Nat (@instHAdd Nat instAddNat)
                                                            (@HAdd.hAdd Nat Nat Nat (@instHAdd Nat instAddNat)
                                                              (@HAdd.hAdd Nat Nat Nat (@instHAdd Nat instAddNat)
                                                                (@OfNat.ofNat Nat (nat_lit 4)
                                                                  (instOfNatNat (nat_lit 4)))
                                                                (@OfNat.ofNat Nat (nat_lit 1)
                                                                  (instOfNatNat (nat_lit 1))))
                                                              (@OfNat.ofNat Nat (nat_lit 1) (instOfNatNat (nat_lit 1))))
                                                            (@OfNat.ofNat Nat (nat_lit 1) (instOfNatNat (nat_lit 1))))
                                                          (@OfNat.ofNat Nat (nat_lit 1) (instOfNatNat (nat_lit 1))))
                                                        (@OfNat.ofNat Nat (nat_lit 1) (instOfNatNat (nat_lit 1))))
                                                      (@OfNat.ofNat Nat (nat_lit 1) (instOfNatNat (nat_lit 1))))
                                                    (@OfNat.ofNat Nat (nat_lit 1) (instOfNatNat (nat_lit 1)))))))))
                                        (@Matrix.vecCons
                                          (FFL.FirstOrder.Semiterm FFL.FirstOrder.Language.oRing Empty
                                            (@HAdd.hAdd Nat Nat Nat (@instHAdd Nat instAddNat)
                                              (@HAdd.hAdd Nat Nat Nat (@instHAdd Nat instAddNat)
                                                (@HAdd.hAdd Nat Nat Nat (@instHAdd Nat instAddNat)
                                                  (@HAdd.hAdd Nat Nat Nat (@instHAdd Nat instAddNat)
                                                    (@HAdd.hAdd Nat Nat Nat (@instHAdd Nat instAddNat)
                                                      (@HAdd.hAdd Nat Nat Nat (@instHAdd Nat instAddNat)
                                                        (@HAdd.hAdd Nat Nat Nat (@instHAdd Nat instAddNat)
                                                          (@OfNat.ofNat Nat (nat_lit 4) (instOfNatNat (nat_lit 4)))
                                                          (@OfNat.ofNat Nat (nat_lit 1) (instOfNatNat (nat_lit 1))))
                                                        (@OfNat.ofNat Nat (nat_lit 1) (instOfNatNat (nat_lit 1))))
                                                      (@OfNat.ofNat Nat (nat_lit 1) (instOfNatNat (nat_lit 1))))
                                                    (@OfNat.ofNat Nat (nat_lit 1) (instOfNatNat (nat_lit 1))))
                                                  (@OfNat.ofNat Nat (nat_lit 1) (instOfNatNat (nat_lit 1))))
                                                (@OfNat.ofNat Nat (nat_lit 1) (instOfNatNat (nat_lit 1))))
                                              (@OfNat.ofNat Nat (nat_lit 1) (instOfNatNat (nat_lit 1)))))
                                          (@OfNat.ofNat Nat (nat_lit 0) (instOfNatNat (nat_lit 0)))
                                          (@FFL.FirstOrder.Semiterm.bvar FFL.FirstOrder.Language.oRing Empty
                                            (@HAdd.hAdd Nat Nat Nat (@instHAdd Nat instAddNat)
                                              (@HAdd.hAdd Nat Nat Nat (@instHAdd Nat instAddNat)
                                                (@HAdd.hAdd Nat Nat Nat (@instHAdd Nat instAddNat)
                                                  (@HAdd.hAdd Nat Nat Nat (@instHAdd Nat instAddNat)
                                                    (@HAdd.hAdd Nat Nat Nat (@instHAdd Nat instAddNat)
                                                      (@HAdd.hAdd Nat Nat Nat (@instHAdd Nat instAddNat)
                                                        (@HAdd.hAdd Nat Nat Nat (@instHAdd Nat instAddNat)
                                                          (@OfNat.ofNat Nat (nat_lit 4) (instOfNatNat (nat_lit 4)))
                                                          (@OfNat.ofNat Nat (nat_lit 1) (instOfNatNat (nat_lit 1))))
                                                        (@OfNat.ofNat Nat (nat_lit 1) (instOfNatNat (nat_lit 1))))
                                                      (@OfNat.ofNat Nat (nat_lit 1) (instOfNatNat (nat_lit 1))))
                                                    (@OfNat.ofNat Nat (nat_lit 1) (instOfNatNat (nat_lit 1))))
                                                  (@OfNat.ofNat Nat (nat_lit 1) (instOfNatNat (nat_lit 1))))
                                                (@OfNat.ofNat Nat (nat_lit 1) (instOfNatNat (nat_lit 1))))
                                              (@OfNat.ofNat Nat (nat_lit 1) (instOfNatNat (nat_lit 1))))
                                            (@OfNat.ofNat
                                              (Fin
                                                (@HAdd.hAdd Nat Nat Nat (@instHAdd Nat instAddNat)
                                                  (@HAdd.hAdd Nat Nat Nat (@instHAdd Nat instAddNat)
                                                    (@HAdd.hAdd Nat Nat Nat (@instHAdd Nat instAddNat)
                                                      (@HAdd.hAdd Nat Nat Nat (@instHAdd Nat instAddNat)
                                                        (@HAdd.hAdd Nat Nat Nat (@instHAdd Nat instAddNat)
                                                          (@HAdd.hAdd Nat Nat Nat (@instHAdd Nat instAddNat)
                                                            (@HAdd.hAdd Nat Nat Nat (@instHAdd Nat instAddNat)
                                                              (@OfNat.ofNat Nat (nat_lit 4) (instOfNatNat (nat_lit 4)))
                                                              (@OfNat.ofNat Nat (nat_lit 1) (instOfNatNat (nat_lit 1))))
                                                            (@OfNat.ofNat Nat (nat_lit 1) (instOfNatNat (nat_lit 1))))
                                                          (@OfNat.ofNat Nat (nat_lit 1) (instOfNatNat (nat_lit 1))))
                                                        (@OfNat.ofNat Nat (nat_lit 1) (instOfNatNat (nat_lit 1))))
                                                      (@OfNat.ofNat Nat (nat_lit 1) (instOfNatNat (nat_lit 1))))
                                                    (@OfNat.ofNat Nat (nat_lit 1) (instOfNatNat (nat_lit 1))))
                                                  (@OfNat.ofNat Nat (nat_lit 1) (instOfNatNat (nat_lit 1)))))
                                              (nat_lit 0)
                                              (@Fin.instOfNat
                                                (@HAdd.hAdd Nat Nat Nat (@instHAdd Nat instAddNat)
                                                  (@HAdd.hAdd Nat Nat Nat (@instHAdd Nat instAddNat)
                                                    (@HAdd.hAdd Nat Nat Nat (@instHAdd Nat instAddNat)
                                                      (@HAdd.hAdd Nat Nat Nat (@instHAdd Nat instAddNat)
                                                        (@HAdd.hAdd Nat Nat Nat (@instHAdd Nat instAddNat)
                                                          (@HAdd.hAdd Nat Nat Nat (@instHAdd Nat instAddNat)
                                                            (@HAdd.hAdd Nat Nat Nat (@instHAdd Nat instAddNat)
                                                              (@OfNat.ofNat Nat (nat_lit 4) (instOfNatNat (nat_lit 4)))
                                                              (@OfNat.ofNat Nat (nat_lit 1) (instOfNatNat (nat_lit 1))))
                                                            (@OfNat.ofNat Nat (nat_lit 1) (instOfNatNat (nat_lit 1))))
                                                          (@OfNat.ofNat Nat (nat_lit 1) (instOfNatNat (nat_lit 1))))
                                                        (@OfNat.ofNat Nat (nat_lit 1) (instOfNatNat (nat_lit 1))))
                                                      (@OfNat.ofNat Nat (nat_lit 1) (instOfNatNat (nat_lit 1))))
                                                    (@OfNat.ofNat Nat (nat_lit 1) (instOfNatNat (nat_lit 1))))
                                                  (@OfNat.ofNat Nat (nat_lit 1) (instOfNatNat (nat_lit 1))))
                                                FFL.FirstOrder.Arithmetic.bumpNextDef._proof_7 (nat_lit 0))))
                                          (@Matrix.vecEmpty
                                            (FFL.FirstOrder.Semiterm FFL.FirstOrder.Language.oRing Empty
                                              (@HAdd.hAdd Nat Nat Nat (@instHAdd Nat instAddNat)
                                                (@HAdd.hAdd Nat Nat Nat (@instHAdd Nat instAddNat)
                                                  (@HAdd.hAdd Nat Nat Nat (@instHAdd Nat instAddNat)
                                                    (@HAdd.hAdd Nat Nat Nat (@instHAdd Nat instAddNat)
                                                      (@HAdd.hAdd Nat Nat Nat (@instHAdd Nat instAddNat)
                                                        (@HAdd.hAdd Nat Nat Nat (@instHAdd Nat instAddNat)
                                                          (@HAdd.hAdd Nat Nat Nat (@instHAdd Nat instAddNat)
                                                            (@OfNat.ofNat Nat (nat_lit 4) (instOfNatNat (nat_lit 4)))
                                                            (@OfNat.ofNat Nat (nat_lit 1) (instOfNatNat (nat_lit 1))))
                                                          (@OfNat.ofNat Nat (nat_lit 1) (instOfNatNat (nat_lit 1))))
                                                        (@OfNat.ofNat Nat (nat_lit 1) (instOfNatNat (nat_lit 1))))
                                                      (@OfNat.ofNat Nat (nat_lit 1) (instOfNatNat (nat_lit 1))))
                                                    (@OfNat.ofNat Nat (nat_lit 1) (instOfNatNat (nat_lit 1))))
                                                  (@OfNat.ofNat Nat (nat_lit 1) (instOfNatNat (nat_lit 1))))
                                                (@OfNat.ofNat Nat (nat_lit 1) (instOfNatNat (nat_lit 1)))))))))
                                    (@Matrix.vecEmpty
                                      (FFL.FirstOrder.Semiterm FFL.FirstOrder.Language.oRing Empty
                                        (@HAdd.hAdd Nat Nat Nat (@instHAdd Nat instAddNat)
                                          (@HAdd.hAdd Nat Nat Nat (@instHAdd Nat instAddNat)
                                            (@HAdd.hAdd Nat Nat Nat (@instHAdd Nat instAddNat)
                                              (@HAdd.hAdd Nat Nat Nat (@instHAdd Nat instAddNat)
                                                (@HAdd.hAdd Nat Nat Nat (@instHAdd Nat instAddNat)
                                                  (@HAdd.hAdd Nat Nat Nat (@instHAdd Nat instAddNat)
                                                    (@HAdd.hAdd Nat Nat Nat (@instHAdd Nat instAddNat)
                                                      (@OfNat.ofNat Nat (nat_lit 4) (instOfNatNat (nat_lit 4)))
                                                      (@OfNat.ofNat Nat (nat_lit 1) (instOfNatNat (nat_lit 1))))
                                                    (@OfNat.ofNat Nat (nat_lit 1) (instOfNatNat (nat_lit 1))))
                                                  (@OfNat.ofNat Nat (nat_lit 1) (instOfNatNat (nat_lit 1))))
                                                (@OfNat.ofNat Nat (nat_lit 1) (instOfNatNat (nat_lit 1))))
                                              (@OfNat.ofNat Nat (nat_lit 1) (instOfNatNat (nat_lit 1))))
                                            (@OfNat.ofNat Nat (nat_lit 1) (instOfNatNat (nat_lit 1))))
                                          (@OfNat.ofNat Nat (nat_lit 1) (instOfNatNat (nat_lit 1)))))))))))))))))))))))
  FFL.FirstOrder.Arithmetic.bumpNextDef._proof_8
def FFL.FirstOrder.Arithmetic.ibumpTableDef : @FFL.FirstOrder.Bounding.HierarchySymbol.Semisentence
  FFL.FirstOrder.Language.oRing
  (@FFL.FirstOrder.Bounding.lt FFL.FirstOrder.Language.oRing
    (@FFL.FirstOrder.Language.ORing.toLT FFL.FirstOrder.Language.oRing FFL.FirstOrder.Arithmetic.instORingORing))
  (@FFL.FirstOrder.Bounding.HierarchySymbol.mk FFL.FirstOrder.Language.oRing
    (@FFL.FirstOrder.Bounding.lt FFL.FirstOrder.Language.oRing
      (@FFL.FirstOrder.Language.ORing.toLT FFL.FirstOrder.Language.oRing FFL.FirstOrder.Arithmetic.instORingORing))
    (@FFL.SigmaSymbol.sigma FFL.SigmaPiDelta FFL.SigmaPiDelta.instSigmaSymbol)
    (@OfNat.ofNat Nat (nat_lit 1) (instOfNatNat (nat_lit 1))))
  (@OfNat.ofNat Nat (nat_lit 3) (instOfNatNat (nat_lit 3))) :=
@FFL.FirstOrder.Bounding.HierarchySymbol.Semiformula.rew FFL.FirstOrder.Language.oRing
  (@FFL.FirstOrder.Bounding.lt FFL.FirstOrder.Language.oRing
    (@FFL.FirstOrder.Language.ORing.toLT FFL.FirstOrder.Language.oRing FFL.FirstOrder.Arithmetic.instORingORing))
  (Nat.succ (@OfNat.ofNat Nat (nat_lit 0) (instOfNatNat (nat_lit 0)))).succ.succ
  (@OfNat.ofNat Nat (nat_lit 3) (instOfNatNat (nat_lit 3))) Empty Empty
  (@FFL.FirstOrder.Rew.subst FFL.FirstOrder.Language.oRing Empty
    (Nat.succ (@OfNat.ofNat Nat (nat_lit 0) (instOfNatNat (nat_lit 0)))).succ.succ
    (@OfNat.ofNat Nat (nat_lit 3) (instOfNatNat (nat_lit 3)))
    (@Matrix.vecCons
      (FFL.FirstOrder.Semiterm FFL.FirstOrder.Language.oRing Empty
        (@OfNat.ofNat Nat (nat_lit 3) (instOfNatNat (nat_lit 3))))
      (Nat.succ (@OfNat.ofNat Nat (nat_lit 0) (instOfNatNat (nat_lit 0)))).succ
      (@FFL.FirstOrder.Semiterm.bvar FFL.FirstOrder.Language.oRing Empty
        (@OfNat.ofNat Nat (nat_lit 3) (instOfNatNat (nat_lit 3)))
        (@OfNat.ofNat (Fin (@OfNat.ofNat Nat (nat_lit 3) (instOfNatNat (nat_lit 3)))) (nat_lit 0)
          (@Fin.instOfNat (@OfNat.ofNat Nat (nat_lit 3) (instOfNatNat (nat_lit 3)))
            FFL.FirstOrder.Arithmetic.ibumpTableDef._proof_1 (nat_lit 0))))
      (@Matrix.vecCons
        (FFL.FirstOrder.Semiterm FFL.FirstOrder.Language.oRing Empty
          (@OfNat.ofNat Nat (nat_lit 3) (instOfNatNat (nat_lit 3))))
        (Nat.succ (@OfNat.ofNat Nat (nat_lit 0) (instOfNatNat (nat_lit 0))))
        (@FFL.FirstOrder.Semiterm.bvar FFL.FirstOrder.Language.oRing Empty
          (@OfNat.ofNat Nat (nat_lit 3) (instOfNatNat (nat_lit 3)))
          (@OfNat.ofNat (Fin (@OfNat.ofNat Nat (nat_lit 3) (instOfNatNat (nat_lit 3)))) (nat_lit 2)
            (@Fin.instOfNat (@OfNat.ofNat Nat (nat_lit 3) (instOfNatNat (nat_lit 3)))
              FFL.FirstOrder.Arithmetic.ibumpTableDef._proof_1 (nat_lit 2))))
        (@Matrix.vecCons
          (FFL.FirstOrder.Semiterm FFL.FirstOrder.Language.oRing Empty
            (@OfNat.ofNat Nat (nat_lit 3) (instOfNatNat (nat_lit 3))))
          (@OfNat.ofNat Nat (nat_lit 0) (instOfNatNat (nat_lit 0)))
          (@FFL.FirstOrder.Semiterm.bvar FFL.FirstOrder.Language.oRing Empty
            (@OfNat.ofNat Nat (nat_lit 3) (instOfNatNat (nat_lit 3)))
            (@OfNat.ofNat (Fin (@OfNat.ofNat Nat (nat_lit 3) (instOfNatNat (nat_lit 3)))) (nat_lit 1)
              (@Fin.instOfNat (@OfNat.ofNat Nat (nat_lit 3) (instOfNatNat (nat_lit 3)))
                FFL.FirstOrder.Arithmetic.ibumpTableDef._proof_1 (nat_lit 1))))
          (@Matrix.vecEmpty
            (FFL.FirstOrder.Semiterm FFL.FirstOrder.Language.oRing Empty
              (@OfNat.ofNat Nat (nat_lit 3) (instOfNatNat (nat_lit 3)))))))))
  (@FFL.FirstOrder.Bounding.HierarchySymbol.mk FFL.FirstOrder.Language.oRing
    (@FFL.FirstOrder.Bounding.lt FFL.FirstOrder.Language.oRing
      (@FFL.FirstOrder.Language.ORing.toLT FFL.FirstOrder.Language.oRing FFL.FirstOrder.Arithmetic.instORingORing))
    (@FFL.SigmaSymbol.sigma FFL.SigmaPiDelta FFL.SigmaPiDelta.instSigmaSymbol)
    (@OfNat.ofNat Nat (nat_lit 1) (instOfNatNat (nat_lit 1))))
  (@FFL.FirstOrder.Arithmetic.PR.Blueprint.resultDef (@OfNat.ofNat Nat (nat_lit 1) (instOfNatNat (nat_lit 1)))
    GoodsteinPA.InternalPow.bumpTable.blueprint)
def FFL.FirstOrder.Arithmetic.ibumpDef : @FFL.FirstOrder.Bounding.HierarchySymbol.Semisentence
  FFL.FirstOrder.Language.oRing
  (@FFL.FirstOrder.Bounding.lt FFL.FirstOrder.Language.oRing
    (@FFL.FirstOrder.Language.ORing.toLT FFL.FirstOrder.Language.oRing FFL.FirstOrder.Arithmetic.instORingORing))
  (@FFL.FirstOrder.Bounding.HierarchySymbol.mk FFL.FirstOrder.Language.oRing
    (@FFL.FirstOrder.Bounding.lt FFL.FirstOrder.Language.oRing
      (@FFL.FirstOrder.Language.ORing.toLT FFL.FirstOrder.Language.oRing FFL.FirstOrder.Arithmetic.instORingORing))
    (@FFL.SigmaSymbol.sigma FFL.SigmaPiDelta FFL.SigmaPiDelta.instSigmaSymbol)
    (@OfNat.ofNat Nat (nat_lit 1) (instOfNatNat (nat_lit 1))))
  (@OfNat.ofNat Nat (nat_lit 3) (instOfNatNat (nat_lit 3))) :=
@FFL.FirstOrder.Bounding.HierarchySymbol.Semiformula.mkSigma FFL.FirstOrder.Language.oRing
  (@FFL.FirstOrder.Bounding.lt FFL.FirstOrder.Language.oRing
    (@FFL.FirstOrder.Language.ORing.toLT FFL.FirstOrder.Language.oRing FFL.FirstOrder.Arithmetic.instORingORing))
  Empty (@OfNat.ofNat Nat (nat_lit 3) (instOfNatNat (nat_lit 3)))
  (@OfNat.ofNat Nat (nat_lit 1) (instOfNatNat (nat_lit 1)))
  (@FFL.FirstOrder.ExsQuantifier.exs (FFL.FirstOrder.Semiformula FFL.FirstOrder.Language.oRing Empty)
    (@FFL.FirstOrder.Quantifier.toExsQuantifier (FFL.FirstOrder.Semiformula FFL.FirstOrder.Language.oRing Empty)
      (@FFL.FirstOrder.Semiformula.instQuantifier FFL.FirstOrder.Language.oRing Empty))
    (@OfNat.ofNat Nat (nat_lit 3) (instOfNatNat (nat_lit 3)))
    (@FFL.HWedge.hWedge
      (FFL.FirstOrder.Semiformula FFL.FirstOrder.Language.oRing Empty
        (@HAdd.hAdd Nat Nat Nat (@instHAdd Nat instAddNat) (@OfNat.ofNat Nat (nat_lit 3) (instOfNatNat (nat_lit 3)))
          (@OfNat.ofNat Nat (nat_lit 1) (instOfNatNat (nat_lit 1)))))
      (FFL.FirstOrder.Semiformula FFL.FirstOrder.Language.oRing Empty
        (@HAdd.hAdd Nat Nat Nat (@instHAdd Nat instAddNat) (@OfNat.ofNat Nat (nat_lit 3) (instOfNatNat (nat_lit 3)))
          (@OfNat.ofNat Nat (nat_lit 1) (instOfNatNat (nat_lit 1)))))
      (FFL.FirstOrder.Semiformula FFL.FirstOrder.Language.oRing Empty
        (@HAdd.hAdd Nat Nat Nat (@instHAdd Nat instAddNat) (@OfNat.ofNat Nat (nat_lit 3) (instOfNatNat (nat_lit 3)))
          (@OfNat.ofNat Nat (nat_lit 1) (instOfNatNat (nat_lit 1)))))
      (@FFL.Wedge.instHWedge
        (FFL.FirstOrder.Semiformula FFL.FirstOrder.Language.oRing Empty
          (@HAdd.hAdd Nat Nat Nat (@instHAdd Nat instAddNat) (@OfNat.ofNat Nat (nat_lit 3) (instOfNatNat (nat_lit 3)))
            (@OfNat.ofNat Nat (nat_lit 1) (instOfNatNat (nat_lit 1)))))
        (@FFL.LogicalConnective.toWedge
          (FFL.FirstOrder.Semiformula FFL.FirstOrder.Language.oRing Empty
            (@HAdd.hAdd Nat Nat Nat (@instHAdd Nat instAddNat) (@OfNat.ofNat Nat (nat_lit 3) (instOfNatNat (nat_lit 3)))
              (@OfNat.ofNat Nat (nat_lit 1) (instOfNatNat (nat_lit 1)))))
          (@FFL.FirstOrder.Semiformula.instLogicalConnective FFL.FirstOrder.Language.oRing Empty
            (@HAdd.hAdd Nat Nat Nat (@instHAdd Nat instAddNat) (@OfNat.ofNat Nat (nat_lit 3) (instOfNatNat (nat_lit 3)))
              (@OfNat.ofNat Nat (nat_lit 1) (instOfNatNat (nat_lit 1)))))))
      (@FFL.FirstOrder.Rewriting.subst FFL.FirstOrder.Language.oRing Empty
        (FFL.FirstOrder.Semiformula FFL.FirstOrder.Language.oRing Empty)
        (Nat.succ (@OfNat.ofNat Nat (nat_lit 0) (instOfNatNat (nat_lit 0)))).succ.succ
        (@HAdd.hAdd Nat Nat Nat (@instHAdd Nat instAddNat) (@OfNat.ofNat Nat (nat_lit 3) (instOfNatNat (nat_lit 3)))
          (@OfNat.ofNat Nat (nat_lit 1) (instOfNatNat (nat_lit 1))))
        (@FFL.FirstOrder.instLCWQOfQuantifierOfLogicalConnectiveOfLogicalNeutral
          (FFL.FirstOrder.Semiformula FFL.FirstOrder.Language.oRing Empty)
          (@FFL.FirstOrder.Semiformula.instQuantifier FFL.FirstOrder.Language.oRing Empty)
          (@FFL.FirstOrder.Semiformula.instLogicalConnective FFL.FirstOrder.Language.oRing Empty)
          (@FFL.FirstOrder.Semiformula.instLogicalNeutral FFL.FirstOrder.Language.oRing Empty))
        (@FFL.FirstOrder.Semiformula.instRewriting FFL.FirstOrder.Language.oRing Empty Empty)
        (@FFL.FirstOrder.Bounding.HierarchySymbol.Semiformula.val FFL.FirstOrder.Language.oRing
          (@FFL.FirstOrder.Bounding.lt FFL.FirstOrder.Language.oRing
            (@FFL.FirstOrder.Language.ORing.toLT FFL.FirstOrder.Language.oRing
              FFL.FirstOrder.Arithmetic.instORingORing))
          Empty (@OfNat.ofNat Nat (nat_lit 3) (instOfNatNat (nat_lit 3)))
          (@FFL.FirstOrder.Bounding.HierarchySymbol.mk FFL.FirstOrder.Language.oRing
            (@FFL.FirstOrder.Bounding.lt FFL.FirstOrder.Language.oRing
              (@FFL.FirstOrder.Language.ORing.toLT FFL.FirstOrder.Language.oRing
                FFL.FirstOrder.Arithmetic.instORingORing))
            (@FFL.SigmaSymbol.sigma FFL.SigmaPiDelta FFL.SigmaPiDelta.instSigmaSymbol)
            (@OfNat.ofNat Nat (nat_lit 1) (instOfNatNat (nat_lit 1))))
          FFL.FirstOrder.Arithmetic.ibumpTableDef)
        (@Matrix.vecCons
          (FFL.FirstOrder.Semiterm FFL.FirstOrder.Language.oRing Empty
            (@HAdd.hAdd Nat Nat Nat (@instHAdd Nat instAddNat) (@OfNat.ofNat Nat (nat_lit 3) (instOfNatNat (nat_lit 3)))
              (@OfNat.ofNat Nat (nat_lit 1) (instOfNatNat (nat_lit 1)))))
          (Nat.succ (@OfNat.ofNat Nat (nat_lit 0) (instOfNatNat (nat_lit 0)))).succ
          (@FFL.FirstOrder.Semiterm.bvar FFL.FirstOrder.Language.oRing Empty
            (@HAdd.hAdd Nat Nat Nat (@instHAdd Nat instAddNat) (@OfNat.ofNat Nat (nat_lit 3) (instOfNatNat (nat_lit 3)))
              (@OfNat.ofNat Nat (nat_lit 1) (instOfNatNat (nat_lit 1))))
            (@OfNat.ofNat
              (Fin
                (@HAdd.hAdd Nat Nat Nat (@instHAdd Nat instAddNat)
                  (@OfNat.ofNat Nat (nat_lit 3) (instOfNatNat (nat_lit 3)))
                  (@OfNat.ofNat Nat (nat_lit 1) (instOfNatNat (nat_lit 1)))))
              (nat_lit 0)
              (@Fin.instOfNat
                (@HAdd.hAdd Nat Nat Nat (@instHAdd Nat instAddNat)
                  (@OfNat.ofNat Nat (nat_lit 3) (instOfNatNat (nat_lit 3)))
                  (@OfNat.ofNat Nat (nat_lit 1) (instOfNatNat (nat_lit 1))))
                FFL.FirstOrder.Arithmetic.ibumpDef._proof_1 (nat_lit 0))))
          (@Matrix.vecCons
            (FFL.FirstOrder.Semiterm FFL.FirstOrder.Language.oRing Empty
              (@HAdd.hAdd Nat Nat Nat (@instHAdd Nat instAddNat)
                (@OfNat.ofNat Nat (nat_lit 3) (instOfNatNat (nat_lit 3)))
                (@OfNat.ofNat Nat (nat_lit 1) (instOfNatNat (nat_lit 1)))))
            (Nat.succ (@OfNat.ofNat Nat (nat_lit 0) (instOfNatNat (nat_lit 0))))
            (@FFL.FirstOrder.Semiterm.bvar FFL.FirstOrder.Language.oRing Empty
              (@HAdd.hAdd Nat Nat Nat (@instHAdd Nat instAddNat)
                (@OfNat.ofNat Nat (nat_lit 3) (instOfNatNat (nat_lit 3)))
                (@OfNat.ofNat Nat (nat_lit 1) (instOfNatNat (nat_lit 1))))
              (@OfNat.ofNat
                (Fin
                  (@HAdd.hAdd Nat Nat Nat (@instHAdd Nat instAddNat)
                    (@OfNat.ofNat Nat (nat_lit 3) (instOfNatNat (nat_lit 3)))
                    (@OfNat.ofNat Nat (nat_lit 1) (instOfNatNat (nat_lit 1)))))
                (nat_lit 2)
                (@Fin.instOfNat
                  (@HAdd.hAdd Nat Nat Nat (@instHAdd Nat instAddNat)
                    (@OfNat.ofNat Nat (nat_lit 3) (instOfNatNat (nat_lit 3)))
                    (@OfNat.ofNat Nat (nat_lit 1) (instOfNatNat (nat_lit 1))))
                  FFL.FirstOrder.Arithmetic.ibumpDef._proof_1 (nat_lit 2))))
            (@Matrix.vecCons
              (FFL.FirstOrder.Semiterm FFL.FirstOrder.Language.oRing Empty
                (@HAdd.hAdd Nat Nat Nat (@instHAdd Nat instAddNat)
                  (@OfNat.ofNat Nat (nat_lit 3) (instOfNatNat (nat_lit 3)))
                  (@OfNat.ofNat Nat (nat_lit 1) (instOfNatNat (nat_lit 1)))))
              (@OfNat.ofNat Nat (nat_lit 0) (instOfNatNat (nat_lit 0)))
              (@FFL.FirstOrder.Semiterm.bvar FFL.FirstOrder.Language.oRing Empty
                (@HAdd.hAdd Nat Nat Nat (@instHAdd Nat instAddNat)
                  (@OfNat.ofNat Nat (nat_lit 3) (instOfNatNat (nat_lit 3)))
                  (@OfNat.ofNat Nat (nat_lit 1) (instOfNatNat (nat_lit 1))))
                (@OfNat.ofNat
                  (Fin
                    (@HAdd.hAdd Nat Nat Nat (@instHAdd Nat instAddNat)
                      (@OfNat.ofNat Nat (nat_lit 3) (instOfNatNat (nat_lit 3)))
                      (@OfNat.ofNat Nat (nat_lit 1) (instOfNatNat (nat_lit 1)))))
                  (nat_lit 3)
                  (@Fin.instOfNat
                    (@HAdd.hAdd Nat Nat Nat (@instHAdd Nat instAddNat)
                      (@OfNat.ofNat Nat (nat_lit 3) (instOfNatNat (nat_lit 3)))
                      (@OfNat.ofNat Nat (nat_lit 1) (instOfNatNat (nat_lit 1))))
                    FFL.FirstOrder.Arithmetic.ibumpDef._proof_1 (nat_lit 3))))
              (@Matrix.vecEmpty
                (FFL.FirstOrder.Semiterm FFL.FirstOrder.Language.oRing Empty
                  (@HAdd.hAdd Nat Nat Nat (@instHAdd Nat instAddNat)
                    (@OfNat.ofNat Nat (nat_lit 3) (instOfNatNat (nat_lit 3)))
                    (@OfNat.ofNat Nat (nat_lit 1) (instOfNatNat (nat_lit 1))))))))))
      (@FFL.FirstOrder.Rewriting.subst FFL.FirstOrder.Language.oRing Empty
        (FFL.FirstOrder.Semiformula FFL.FirstOrder.Language.oRing Empty)
        (Nat.succ (@OfNat.ofNat Nat (nat_lit 0) (instOfNatNat (nat_lit 0)))).succ.succ
        (@HAdd.hAdd Nat Nat Nat (@instHAdd Nat instAddNat) (@OfNat.ofNat Nat (nat_lit 3) (instOfNatNat (nat_lit 3)))
          (@OfNat.ofNat Nat (nat_lit 1) (instOfNatNat (nat_lit 1))))
        (@FFL.FirstOrder.instLCWQOfQuantifierOfLogicalConnectiveOfLogicalNeutral
          (FFL.FirstOrder.Semiformula FFL.FirstOrder.Language.oRing Empty)
          (@FFL.FirstOrder.Semiformula.instQuantifier FFL.FirstOrder.Language.oRing Empty)
          (@FFL.FirstOrder.Semiformula.instLogicalConnective FFL.FirstOrder.Language.oRing Empty)
          (@FFL.FirstOrder.Semiformula.instLogicalNeutral FFL.FirstOrder.Language.oRing Empty))
        (@FFL.FirstOrder.Semiformula.instRewriting FFL.FirstOrder.Language.oRing Empty Empty)
        (@FFL.FirstOrder.Bounding.HierarchySymbol.Semiformula.val FFL.FirstOrder.Language.oRing
          (@FFL.FirstOrder.Bounding.lt FFL.FirstOrder.Language.oRing
            (@FFL.FirstOrder.Language.ORing.toLT FFL.FirstOrder.Language.oRing
              FFL.FirstOrder.Arithmetic.instORingORing))
          Empty (@OfNat.ofNat Nat (nat_lit 3) (instOfNatNat (nat_lit 3)))
          (@FFL.FirstOrder.Bounding.HierarchySymbol.mk FFL.FirstOrder.Language.oRing
            (@FFL.FirstOrder.Bounding.lt FFL.FirstOrder.Language.oRing
              (@FFL.FirstOrder.Language.ORing.toLT FFL.FirstOrder.Language.oRing
                FFL.FirstOrder.Arithmetic.instORingORing))
            (@FFL.SigmaSymbol.sigma FFL.SigmaPiDelta FFL.SigmaPiDelta.instSigmaSymbol)
            (@OfNat.ofNat Nat (nat_lit 0) (instOfNatNat (nat_lit 0))))
          FFL.FirstOrder.Arithmetic.znthDef)
        (@Matrix.vecCons
          (FFL.FirstOrder.Semiterm FFL.FirstOrder.Language.oRing Empty
            (@HAdd.hAdd Nat Nat Nat (@instHAdd Nat instAddNat) (@OfNat.ofNat Nat (nat_lit 3) (instOfNatNat (nat_lit 3)))
              (@OfNat.ofNat Nat (nat_lit 1) (instOfNatNat (nat_lit 1)))))
          (Nat.succ (@OfNat.ofNat Nat (nat_lit 0) (instOfNatNat (nat_lit 0)))).succ
          (@FFL.FirstOrder.Semiterm.bvar FFL.FirstOrder.Language.oRing Empty
            (@HAdd.hAdd Nat Nat Nat (@instHAdd Nat instAddNat) (@OfNat.ofNat Nat (nat_lit 3) (instOfNatNat (nat_lit 3)))
              (@OfNat.ofNat Nat (nat_lit 1) (instOfNatNat (nat_lit 1))))
            (@OfNat.ofNat
              (Fin
                (@HAdd.hAdd Nat Nat Nat (@instHAdd Nat instAddNat)
                  (@OfNat.ofNat Nat (nat_lit 3) (instOfNatNat (nat_lit 3)))
                  (@OfNat.ofNat Nat (nat_lit 1) (instOfNatNat (nat_lit 1)))))
              (nat_lit 1)
              (@Fin.instOfNat
                (@HAdd.hAdd Nat Nat Nat (@instHAdd Nat instAddNat)
                  (@OfNat.ofNat Nat (nat_lit 3) (instOfNatNat (nat_lit 3)))
                  (@OfNat.ofNat Nat (nat_lit 1) (instOfNatNat (nat_lit 1))))
                FFL.FirstOrder.Arithmetic.ibumpDef._proof_1 (nat_lit 1))))
          (@Matrix.vecCons
            (FFL.FirstOrder.Semiterm FFL.FirstOrder.Language.oRing Empty
              (@HAdd.hAdd Nat Nat Nat (@instHAdd Nat instAddNat)
                (@OfNat.ofNat Nat (nat_lit 3) (instOfNatNat (nat_lit 3)))
                (@OfNat.ofNat Nat (nat_lit 1) (instOfNatNat (nat_lit 1)))))
            (Nat.succ (@OfNat.ofNat Nat (nat_lit 0) (instOfNatNat (nat_lit 0))))
            (@FFL.FirstOrder.Semiterm.bvar FFL.FirstOrder.Language.oRing Empty
              (@HAdd.hAdd Nat Nat Nat (@instHAdd Nat instAddNat)
                (@OfNat.ofNat Nat (nat_lit 3) (instOfNatNat (nat_lit 3)))
                (@OfNat.ofNat Nat (nat_lit 1) (instOfNatNat (nat_lit 1))))
              (@OfNat.ofNat
                (Fin
                  (@HAdd.hAdd Nat Nat Nat (@instHAdd Nat instAddNat)
                    (@OfNat.ofNat Nat (nat_lit 3) (instOfNatNat (nat_lit 3)))
                    (@OfNat.ofNat Nat (nat_lit 1) (instOfNatNat (nat_lit 1)))))
                (nat_lit 0)
                (@Fin.instOfNat
                  (@HAdd.hAdd Nat Nat Nat (@instHAdd Nat instAddNat)
                    (@OfNat.ofNat Nat (nat_lit 3) (instOfNatNat (nat_lit 3)))
                    (@OfNat.ofNat Nat (nat_lit 1) (instOfNatNat (nat_lit 1))))
                  FFL.FirstOrder.Arithmetic.ibumpDef._proof_1 (nat_lit 0))))
            (@Matrix.vecCons
              (FFL.FirstOrder.Semiterm FFL.FirstOrder.Language.oRing Empty
                (@HAdd.hAdd Nat Nat Nat (@instHAdd Nat instAddNat)
                  (@OfNat.ofNat Nat (nat_lit 3) (instOfNatNat (nat_lit 3)))
                  (@OfNat.ofNat Nat (nat_lit 1) (instOfNatNat (nat_lit 1)))))
              (@OfNat.ofNat Nat (nat_lit 0) (instOfNatNat (nat_lit 0)))
              (@FFL.FirstOrder.Semiterm.bvar FFL.FirstOrder.Language.oRing Empty
                (@HAdd.hAdd Nat Nat Nat (@instHAdd Nat instAddNat)
                  (@OfNat.ofNat Nat (nat_lit 3) (instOfNatNat (nat_lit 3)))
                  (@OfNat.ofNat Nat (nat_lit 1) (instOfNatNat (nat_lit 1))))
                (@OfNat.ofNat
                  (Fin
                    (@HAdd.hAdd Nat Nat Nat (@instHAdd Nat instAddNat)
                      (@OfNat.ofNat Nat (nat_lit 3) (instOfNatNat (nat_lit 3)))
                      (@OfNat.ofNat Nat (nat_lit 1) (instOfNatNat (nat_lit 1)))))
                  (nat_lit 3)
                  (@Fin.instOfNat
                    (@HAdd.hAdd Nat Nat Nat (@instHAdd Nat instAddNat)
                      (@OfNat.ofNat Nat (nat_lit 3) (instOfNatNat (nat_lit 3)))
                      (@OfNat.ofNat Nat (nat_lit 1) (instOfNatNat (nat_lit 1))))
                    FFL.FirstOrder.Arithmetic.ibumpDef._proof_1 (nat_lit 3))))
              (@Matrix.vecEmpty
                (FFL.FirstOrder.Semiterm FFL.FirstOrder.Language.oRing Empty
                  (@HAdd.hAdd Nat Nat Nat (@instHAdd Nat instAddNat)
                    (@OfNat.ofNat Nat (nat_lit 3) (instOfNatNat (nat_lit 3)))
                    (@OfNat.ofNat Nat (nat_lit 1) (instOfNatNat (nat_lit 1))))))))))))
  FFL.FirstOrder.Arithmetic.ibumpDef._proof_2
def FFL.FirstOrder.Arithmetic.igoodsteinDef : @FFL.FirstOrder.Bounding.HierarchySymbol.Semisentence
  FFL.FirstOrder.Language.oRing
  (@FFL.FirstOrder.Bounding.lt FFL.FirstOrder.Language.oRing
    (@FFL.FirstOrder.Language.ORing.toLT FFL.FirstOrder.Language.oRing FFL.FirstOrder.Arithmetic.instORingORing))
  (@FFL.FirstOrder.Bounding.HierarchySymbol.mk FFL.FirstOrder.Language.oRing
    (@FFL.FirstOrder.Bounding.lt FFL.FirstOrder.Language.oRing
      (@FFL.FirstOrder.Language.ORing.toLT FFL.FirstOrder.Language.oRing FFL.FirstOrder.Arithmetic.instORingORing))
    (@FFL.SigmaSymbol.sigma FFL.SigmaPiDelta FFL.SigmaPiDelta.instSigmaSymbol)
    (@OfNat.ofNat Nat (nat_lit 1) (instOfNatNat (nat_lit 1))))
  (@OfNat.ofNat Nat (nat_lit 3) (instOfNatNat (nat_lit 3))) :=
@FFL.FirstOrder.Bounding.HierarchySymbol.Semiformula.rew FFL.FirstOrder.Language.oRing
  (@FFL.FirstOrder.Bounding.lt FFL.FirstOrder.Language.oRing
    (@FFL.FirstOrder.Language.ORing.toLT FFL.FirstOrder.Language.oRing FFL.FirstOrder.Arithmetic.instORingORing))
  (Nat.succ (@OfNat.ofNat Nat (nat_lit 0) (instOfNatNat (nat_lit 0)))).succ.succ
  (@OfNat.ofNat Nat (nat_lit 3) (instOfNatNat (nat_lit 3))) Empty Empty
  (@FFL.FirstOrder.Rew.subst FFL.FirstOrder.Language.oRing Empty
    (Nat.succ (@OfNat.ofNat Nat (nat_lit 0) (instOfNatNat (nat_lit 0)))).succ.succ
    (@OfNat.ofNat Nat (nat_lit 3) (instOfNatNat (nat_lit 3)))
    (@Matrix.vecCons
      (FFL.FirstOrder.Semiterm FFL.FirstOrder.Language.oRing Empty
        (@OfNat.ofNat Nat (nat_lit 3) (instOfNatNat (nat_lit 3))))
      (Nat.succ (@OfNat.ofNat Nat (nat_lit 0) (instOfNatNat (nat_lit 0)))).succ
      (@FFL.FirstOrder.Semiterm.bvar FFL.FirstOrder.Language.oRing Empty
        (@OfNat.ofNat Nat (nat_lit 3) (instOfNatNat (nat_lit 3)))
        (@OfNat.ofNat (Fin (@OfNat.ofNat Nat (nat_lit 3) (instOfNatNat (nat_lit 3)))) (nat_lit 0)
          (@Fin.instOfNat (@OfNat.ofNat Nat (nat_lit 3) (instOfNatNat (nat_lit 3)))
            FFL.FirstOrder.Arithmetic.igoodsteinDef._proof_1 (nat_lit 0))))
      (@Matrix.vecCons
        (FFL.FirstOrder.Semiterm FFL.FirstOrder.Language.oRing Empty
          (@OfNat.ofNat Nat (nat_lit 3) (instOfNatNat (nat_lit 3))))
        (Nat.succ (@OfNat.ofNat Nat (nat_lit 0) (instOfNatNat (nat_lit 0))))
        (@FFL.FirstOrder.Semiterm.bvar FFL.FirstOrder.Language.oRing Empty
          (@OfNat.ofNat Nat (nat_lit 3) (instOfNatNat (nat_lit 3)))
          (@OfNat.ofNat (Fin (@OfNat.ofNat Nat (nat_lit 3) (instOfNatNat (nat_lit 3)))) (nat_lit 2)
            (@Fin.instOfNat (@OfNat.ofNat Nat (nat_lit 3) (instOfNatNat (nat_lit 3)))
              FFL.FirstOrder.Arithmetic.igoodsteinDef._proof_1 (nat_lit 2))))
        (@Matrix.vecCons
          (FFL.FirstOrder.Semiterm FFL.FirstOrder.Language.oRing Empty
            (@OfNat.ofNat Nat (nat_lit 3) (instOfNatNat (nat_lit 3))))
          (@OfNat.ofNat Nat (nat_lit 0) (instOfNatNat (nat_lit 0)))
          (@FFL.FirstOrder.Semiterm.bvar FFL.FirstOrder.Language.oRing Empty
            (@OfNat.ofNat Nat (nat_lit 3) (instOfNatNat (nat_lit 3)))
            (@OfNat.ofNat (Fin (@OfNat.ofNat Nat (nat_lit 3) (instOfNatNat (nat_lit 3)))) (nat_lit 1)
              (@Fin.instOfNat (@OfNat.ofNat Nat (nat_lit 3) (instOfNatNat (nat_lit 3)))
                FFL.FirstOrder.Arithmetic.igoodsteinDef._proof_1 (nat_lit 1))))
          (@Matrix.vecEmpty
            (FFL.FirstOrder.Semiterm FFL.FirstOrder.Language.oRing Empty
              (@OfNat.ofNat Nat (nat_lit 3) (instOfNatNat (nat_lit 3)))))))))
  (@FFL.FirstOrder.Bounding.HierarchySymbol.mk FFL.FirstOrder.Language.oRing
    (@FFL.FirstOrder.Bounding.lt FFL.FirstOrder.Language.oRing
      (@FFL.FirstOrder.Language.ORing.toLT FFL.FirstOrder.Language.oRing FFL.FirstOrder.Arithmetic.instORingORing))
    (@FFL.SigmaSymbol.sigma FFL.SigmaPiDelta FFL.SigmaPiDelta.instSigmaSymbol)
    (@OfNat.ofNat Nat (nat_lit 1) (instOfNatNat (nat_lit 1))))
  (@FFL.FirstOrder.Arithmetic.PR.Blueprint.resultDef (@OfNat.ofNat Nat (nat_lit 1) (instOfNatNat (nat_lit 1)))
    GoodsteinPA.InternalPow.goodstein.blueprint)
